code,entry_i,exit_i,entry_date,exit_date,entry,exit,score,ret_gross,hold_days,ret_net,regime,lev
1216,853,861,2022-07-08,2022-07-20,57.52123566691487,57.685817170968974,8.560674005002717,0.0028612303290411756,8,0.0018612303290411756,0,0.0
1301,665,679,2021-09-29,2021-10-20,94.41064962088058,96.10411418807125,8.637131050767415,0.017937219730941534,14,0.016937219730941533,0,0.0
1301,1681,1686,2025-12-03,2025-12-10,43.388345864661645,39.921240601503754,8.70690209403067,-0.07990867579908667,5,-0.08090867579908667,1,1.5
1301,1720,1729,2026-01-29,2026-02-11,51.2140977443609,45.12189849624059,8.608264018716268,-0.118955512572534,9,-0.119955512572534,2,2.5
1303,659,661,2021-09-17,2021-09-23,75.69122203892466,73.60491492649565,8.556421145068011,-0.027563395810363822,2,-0.028563395810363823,0,0.0
1303,1679,1691,2025-12-01,2025-12-17,62.796816816816815,58.21891891891892,8.607084072053883,-0.07290015847860543,12,-0.07390015847860543,1,1.5
1303,1706,1720,2026-01-09,2026-01-29,68.17087087087087,81.10840840840841,8.70365480816498,0.1897810218978102,14,0.1887810218978102,1,1.5
1303,1797,1811,2026-06-02,2026-06-23,109.47147147147147,156.24564564564565,8.84505350169887,0.42727272727272725,14,0.42627272727272725,2,2.5
1304,553,567,2021-04-20,2021-05-11,31.60616469848091,29.325307452198786,8.702308527080799,-0.0721649484536081,14,-0.0731649484536081,2,2.5
1305,527,541,2021-03-11,2021-03-31,26.256669849917373,28.764769656476645,8.98548819740549,0.09552238805970159,14,0.09452238805970159,2,2.5
1305,553,563,2021-04-20,2021-05-05,35.58366600555966,30.645844511396096,9.172520923170271,-0.1387665198237884,10,-0.1397665198237884,2,2.5
1308,659,673,2021-09-17,2021-10-12,34.571196705288834,39.665899377647186,9.140756192103016,0.1473684210526316,14,0.1463684210526316,0,0.0
1309,431,445,2020-10-15,2020-11-04,22.898318368773353,24.725883684590944,8.72740931758707,0.07981220657277,14,0.07881220657277,1,1.5
1309,525,539,2021-03-09,2021-03-29,28.23767586008357,31.140279596970338,9.131094762463695,0.10279187817258895,14,0.10179187817258895,2,2.5
1312,441,455,2020-10-29,2020-11-18,18.92242057431454,20.481246983182555,9.158448762344491,0.08237986270022879,14,0.08137986270022879,1,1.5
1312,457,463,2020-11-20,2020-11-30,20.914254318979225,20.22144258170455,8.72873692309281,-0.0331262939958592,6,-0.0341262939958592,2,2.5
1319,853,861,2022-07-08,2022-07-20,42.173438320700576,39.501062031072024,9.289729864891283,-0.06336633663366342,8,-0.06436633663366342,0,0.0
1319,893,907,2022-09-02,2022-09-23,46.599561550397866,46.01497923704162,8.807996984763282,-0.012544802867383464,14,-0.013544802867383465,2,2.5
1319,1139,1153,2023-09-11,2023-10-02,61.611653984544404,68.16608525949593,9.102491259530204,0.10638297872340408,14,0.10538297872340407,1,1.5
1319,1202,1207,2023-12-12,2023-12-19,75.24487103644358,69.30218668048754,8.636430108375786,-0.07897793263646913,5,-0.07997793263646913,2,2.5
1319,1234,1248,2024-01-26,2024-02-26,76.11879520643713,81.71190989439577,8.930493442417038,0.07347876004592435,14,0.07247876004592435,1,1.5
1319,1260,1274,2024-03-14,2024-04-03,99.19039329426651,107.49267290920513,8.835464756766005,0.08370044052863435,14,0.08270044052863434,2,2.5
1325,313,327,2020-04-24,2020-05-15,48.325622431864765,82.19160980537629,8.707730769230771,0.700787401574803,14,0.699787401574803,1,1.5
1325,331,345,2020-05-21,2020-06-10,113.77449690651626,149.54306784033741,8.781208053691275,0.3143812709030098,14,0.3133812709030098,2,2.5
1326,1720,1734,2026-01-29,2026-03-02,44.49152542372882,51.41242937853107,9.350671545113192,0.15555555555555545,14,0.15455555555555545,2,2.5
1326,1764,1778,2026-04-15,2026-05-06,54.378531073446325,51.709039548022595,9.029910286532765,-0.049090909090909074,14,-0.050090909090909075,2,2.5
1402,912,914,2022-09-30,2022-10-04,27.32737333165043,27.03443058536934,8.563452056404884,-0.01071975497702915,2,-0.011719754977029151,0,0.0
1402,934,944,2022-11-02,2022-11-16,27.15997747663267,26.406696129052715,8.69976149350704,-0.027734976887519358,10,-0.02873497688751936,0,0.0
1440,562,570,2021-05-04,2021-05-14,27.03825873376036,23.464730907483116,9.101522658712103,-0.13216560509554143,8,-0.13316560509554143,2,2.5
1476,528,542,2021-03-12,2021-04-01,401.6808528738213,395.10266081038105,8.730605671049059,-0.016376663254861867,14,-0.017376663254861868,2,2.5
1476,565,572,2021-05-07,2021-05-18,472.80755455976924,463.7625404725389,8.544983596140682,-0.019130434782608674,7,-0.020130434782608675,2,2.5
1476,1179,1193,2023-11-09,2023-11-29,520.9110753852124,520.9110753852124,8.573155433320121,0.0,14,-0.001,1,1.5
1477,541,555,2021-03-31,2021-04-22,175.49065631209427,180.90118695146262,8.537926872401338,0.030830875860115237,14,0.029830875860115236,2,2.5
1477,566,571,2021-05-10,2021-05-17,197.78040520656867,172.46157782390958,8.905701186561615,-0.1280148423005567,5,-0.1290148423005567,2,2.5
1477,1084,1098,2023-06-21,2023-07-13,221.31648829491093,253.4032654082995,9.024362105189578,0.14498141263940512,14,0.14398141263940512,2,2.5
1477,1116,1118,2023-08-09,2023-08-11,255.04874115770406,251.75778965889495,9.053017256504635,-0.012903225806451757,2,-0.013903225806451758,1,1.5
1477,1127,1141,2023-08-24,2023-09-13,270.2693918396961,273.9717122758563,8.631217147584662,0.013698630136986356,14,0.012698630136986355,0,0.0
1477,1164,1178,2023-10-19,2023-11-08,301.9448000157335,323.33598475799255,8.652126426854373,0.0708446866485013,14,0.0698446866485013,1,1.5
1477,1266,1271,2024-03-22,2024-03-29,334.85431500382435,312.3809900091324,8.617868748205385,-0.06711373868494208,5,-0.06811373868494208,2,2.5
1477,1348,1356,2024-07-22,2024-08-05,393.47990087688794,341.55943413086453,8.788754524780892,-0.13195201744820073,8,-0.13295201744820073,1,1.5
1503,1039,1053,2023-04-18,2023-05-09,91.22033423966226,112.6291881938687,9.042915616081256,0.23469387755102034,14,0.23369387755102033,2,2.5
1503,1061,1075,2023-05-19,2023-06-08,120.54115595955369,145.2078789937481,9.188546053836294,0.2046332046332049,14,0.2036332046332049,2,2.5
1503,1100,1103,2023-07-17,2023-07-20,154.5566728645813,135.7082981249982,9.325294753643131,-0.12195121951219512,3,-0.12295121951219512,2,2.5
1503,1251,1265,2024-03-01,2024-03-21,175.2898850781227,231.36379992838238,8.71829037306275,0.3198924731182795,14,0.3188924731182795,2,2.5
1504,1029,1043,2023-03-30,2023-04-24,37.7901731938509,38.13846972098316,8.516361730329837,0.009216589861751112,14,0.008216589861751111,2,2.5
1504,1050,1056,2023-05-04,2023-05-12,39.79287822486143,39.052748104705366,8.917216147944707,-0.018599562363238564,6,-0.019599562363238565,2,2.5
1504,1062,1076,2023-05-22,2023-06-09,44.49488134114703,49.45810685278182,8.926243056335922,0.11154598825831696,14,0.11054598825831696,2,2.5
1504,1084,1088,2023-06-21,2023-06-29,51.06671335670483,47.39349362402957,8.705390439895528,-0.07192982456140362,4,-0.07292982456140362,2,2.5
1504,1107,1112,2023-07-26,2023-08-02,53.75443511232088,47.30390289884237,9.331857539315449,-0.1200000000000001,5,-0.12100000000000011,1,1.5
1513,461,474,2020-11-26,2020-12-15,44.53959077737877,44.783420653897274,9.085298970112046,0.005474452554744769,13,0.004474452554744769,2,2.5
1513,798,802,2022-04-20,2022-04-26,49.41227136194119,46.515689937275674,8.71619314332765,-0.05862068965517231,4,-0.05962068965517231,1,1.5
1513,868,882,2022-07-29,2022-08-18,51.44446570535471,55.5743879085769,9.22595116771631,0.08027923211169274,14,0.07927923211169274,1,1.5
1513,893,896,2022-09-02,2022-09-07,59.07584368956963,57.01088258795854,8.597562467411432,-0.03495440729483268,3,-0.03595440729483268,2,2.5
1513,907,909,2022-09-23,2022-09-27,59.61452919433775,54.67657873396338,8.531224768443739,-0.08283132530120496,2,-0.08383132530120496,1,1.5
1513,965,979,2022-12-15,2023-01-05,60.06343378164451,66.88678350870727,8.777670308971354,0.11360239162929742,14,0.11260239162929742,2,2.5
1513,990,1004,2023-02-01,2023-02-21,72.54298130877244,83.67581507398009,8.873008435773267,0.15346534653465338,14,0.15246534653465338,2,2.5
1513,1035,1047,2023-04-12,2023-04-28,98.75900920748722,92.47434498519259,9.383097694707674,-0.0636363636363636,12,-0.0646363636363636,2,2.5
1513,1063,1077,2023-05-23,2023-06-12,105.94148260439539,102.79915049324808,9.237528703180878,-0.029661016949152463,14,-0.030661016949152464,2,2.5
1513,1248,1262,2024-02-26,2024-03-18,138.09277938270398,156.5051499670645,8.868224967437252,0.1333333333333333,14,0.1323333333333333,2,2.5
1513,1280,1286,2024-04-15,2024-04-23,196.55205598804866,174.91752055142504,9.02030871544308,-0.11007025761124123,6,-0.11107025761124123,2,2.5
1513,1341,1352,2024-07-11,2024-07-30,215.87605858669997,180.20957934194087,9.226471447349205,-0.16521739130434776,11,-0.16621739130434776,2,2.5
1514,1036,1050,2023-04-13,2023-05-04,41.02274405069937,41.02274405069937,8.65897095830783,0.0,14,-0.001,2,2.5
1514,1278,1292,2024-04-11,2024-05-02,129.60444975716933,131.84674127545946,9.522828580750408,0.01730103806228378,14,0.01630103806228378,2,2.5
1515,402,411,2020-09-01,2020-09-14,82.27921704511857,74.82139638684181,8.553915216158902,-0.09064039408866997,9,-0.09164039408866997,2,2.5
1519,1003,1017,2023-02-20,2023-03-14,41.90946724918678,48.21379736530377,9.260008520160392,0.15042735042735034,14,0.14942735042735034,2,2.5
1519,1033,1047,2023-04-10,2023-04-28,58.02849311425862,67.91482897816935,8.684099445888148,0.1703703703703705,14,0.1693703703703705,2,2.5
1519,1049,1056,2023-05-03,2023-05-12,71.99831553065422,68.84615047259572,9.27127100693379,-0.04378109452736323,7,-0.04478109452736323,2,2.5
1519,1061,1075,2023-05-19,2023-06-08,85.96813794704981,110.68397760682663,8.79861594335592,0.28749999999999987,14,0.28649999999999987,2,2.5
1519,1082,1088,2023-06-19,2023-06-29,119.63899197631099,108.89297473292976,8.64419648410271,-0.08982035928143717,6,-0.09082035928143717,2,2.5
1519,1100,1114,2023-07-17,2023-08-07,146.86223565954344,155.86426919755493,8.532103512783205,0.06129576808894588,14,0.06029576808894588,2,2.5
1519,1125,1139,2023-08-22,2023-09-11,189.93692339422972,213.86027634083118,8.83710710659025,0.12595419847328237,14,0.12495419847328237,0,0.0
1519,1222,1236,2024-01-10,2024-01-30,259.89460701080674,287.08023535921745,8.639892689708281,0.10460251046025104,14,0.10360251046025104,2,2.5
1519,1248,1257,2024-02-26,2024-03-11,407.4219501815157,365.37484500264037,8.694729917969354,-0.10320284697508908,9,-0.10420284697508908,2,2.5
1519,1261,1275,2024-03-15,2024-04-08,471.2175580391196,598.8087737543273,9.199372056514914,0.27076923076923065,14,0.26976923076923065,1,1.5
1519,1284,1292,2024-04-19,2024-05-02,692.3273352728603,612.5828254508555,8.991467107700107,-0.11518324607329844,8,-0.11618324607329844,1,1.5
1519,1660,1674,2025-11-04,2025-11-24,716.0504908835903,627.439242636746,9.191524223034737,-0.12375000000000003,14,-0.12475000000000003,1,1.5
1519,1710,1724,2026-01-15,2026-02-04,836.8840112201963,840.4642636746142,9.203649397197784,0.004278074866310266,14,0.0032780748663102663,2,2.5
1536,1484,1497,2025-02-18,2025-03-10,79.23534391534392,73.23862433862435,8.647056277056278,-0.07568238213399492,13,-0.07668238213399492,2,2.5
1560,729,743,2021-12-29,2022-01-19,99.26654717059792,95.13044103848966,8.50487330677291,-0.04166666666666674,14,-0.04266666666666674,2,2.5
1560,795,797,2022-04-15,2022-04-19,124.0831839632474,120.8662125271632,8.827101860093576,-0.025925925925925908,2,-0.02692592592592591,1,1.5
1560,827,841,2022-06-01,2022-06-22,145.22328197180065,157.6316003681254,8.671043834752444,0.08544303797468356,14,0.08444303797468355,1,1.5
1560,1152,1166,2023-09-28,2023-10-23,148.61278727192956,162.69700567351765,8.678295516871792,0.09477124183006524,14,0.09377124183006524,1,1.5
1560,1176,1190,2023-11-06,2023-11-24,175.80989866809966,180.66652570313005,9.335936351095011,0.027624309392265234,14,0.026624309392265233,1,1.5
1560,1216,1221,2024-01-02,2024-01-09,185.52315273816043,176.78122407510574,9.3013075567725,-0.047120418848167644,5,-0.048120418848167645,2,2.5
1560,1226,1233,2024-01-16,2024-01-25,190.86544247669383,183.58050192414828,8.819391262486882,-0.03816793893129766,7,-0.03916793893129766,1,1.5
1560,1246,1257,2024-02-22,2024-03-11,245.7453279725371,234.0894230884642,8.72828401838311,-0.04743083003952564,11,-0.04843083003952564,2,2.5
1560,1338,1347,2024-07-08,2024-07-19,361.3330514062601,324.19544290615045,8.683543953214233,-0.10277943951037705,9,-0.10377943951037705,2,2.5
1560,1404,1413,2024-10-16,2024-10-29,355.6325767637166,327.1426742052973,9.173009266749396,-0.08011049723756913,9,-0.08111049723756913,1,1.5
1560,1702,1716,2026-01-05,2026-01-23,409.74814690026955,432.0980458221024,8.696568823036866,0.05454545454545445,14,0.05354545454545445,1,1.5
1560,1732,1743,2026-02-25,2026-03-13,494.6777628032345,443.02466307277626,8.604254592950705,-0.10441767068273089,11,-0.10541767068273089,2,2.5
1560,1777,1791,2026-05-05,2026-05-25,553.2841644204851,710.2301212938005,8.644121175947383,0.2836624775583483,14,0.2826624775583483,2,2.5
1560,1817,1822,2026-07-01,2026-07-08,774.7964959568733,691.3568733153638,8.678296673455979,-0.10769230769230775,5,-0.10869230769230775,2,2.5
1589,388,395,2020-08-12,2020-08-21,93.80858004571617,88.72535649644091,8.578199502705866,-0.054187192118226646,7,-0.05518719211822665,2,2.5
1590,318,327,2020-05-04,2020-05-15,479.76583647861156,468.3218807460942,8.730976788509974,-0.023853211009174258,9,-0.02485321100917426,2,2.5
1590,494,507,2021-01-13,2021-02-01,983.8574769136362,912.9488299288697,9.017851964325697,-0.072072072072072,13,-0.073072072072072,2,2.5
1590,992,1006,2023-02-03,2023-02-23,974.0856928617758,1024.8674114469868,8.635150942978141,0.05213270142180093,14,0.05113270142180093,2,2.5
1590,1029,1040,2023-03-30,2023-04-19,1107.9647691318778,1080.2656499035807,8.832837116173668,-0.025000000000000133,11,-0.026000000000000134,2,2.5
1590,1725,1737,2026-02-05,2026-03-05,1175.572027972028,1106.996993006993,8.64035540838852,-0.05833333333333335,12,-0.05933333333333335,1,1.5
1590,1843,1852,2026-08-07,2026-08-20,1540.0,1455.0,8.662028785075968,-0.05519480519480524,9,-0.05619480519480524,1,1.5
1598,394,408,2020-08-20,2020-09-09,86.70289431074316,102.02538856393484,9.293344132199305,0.17672413793103448,14,0.17572413793103447,1,1.5
1598,446,451,2020-11-05,2020-11-12,109.87349537654521,101.27794981987671,8.712625979131493,-0.07823129251700678,5,-0.07923129251700678,1,1.5
1605,794,808,2022-04-14,2022-05-05,30.206065913812278,36.36623406782463,9.154086956521741,0.20393811533052042,14,0.20293811533052042,1,1.5
1605,1003,1009,2023-02-20,2023-03-02,51.59760684908397,45.6853810642931,9.164459494385433,-0.11458333333333326,6,-0.11558333333333326,2,2.5
1708,783,797,2022-03-28,2022-04-19,42.08862184712943,55.581513368249254,8.863066592090982,0.32058287795992735,14,0.31958287795992735,1,1.5
1717,1711,1723,2026-01-16,2026-02-03,67.92832414271628,58.575873717269836,8.822944858048103,-0.1376811594202898,12,-0.1386811594202898,2,2.5
1717,1764,1778,2026-04-15,2026-05-06,79.84039257933753,79.47064748201439,8.937763648880697,-0.004631053097036486,14,-0.005631053097036486,2,2.5
1722,785,799,2022-03-30,2022-04-21,62.7317496545812,65.00405106509642,9.167392709705751,0.03622250970245777,14,0.03522250970245777,1,1.5
1752,1038,1052,2023-04-17,2023-05-08,63.37270359005258,66.24559948613496,8.751505096950922,0.045333333333333226,14,0.044333333333333225,2,2.5
1760,319,333,2020-05-05,2020-05-25,121.94669995648528,147.20708780461436,9.165621243885397,0.20714285714285707,14,0.20614285714285707,2,2.5
1795,882,896,2022-08-18,2022-09-07,154.68694194571526,140.87560784341926,8.802852726272283,-0.0892857142857143,14,-0.0902857142857143,2,2.5
1795,995,1009,2023-02-08,2023-03-02,260.11345892657476,259.192703319755,8.983568631634837,-0.0035398230088495852,14,-0.004539823008849585,2,2.5
1795,1089,1091,2023-06-30,2023-07-04,312.13615071188974,280.3700822766089,8.989542666693994,-0.10176991150442483,2,-0.10276991150442483,2,2.5
1795,1721,1729,2026-01-30,2026-02-11,348.20129533678755,303.39777202072537,8.983013447875889,-0.1286713286713287,8,-0.1296713286713287,1,1.5
1802,555,569,2021-04-22,2021-05-13,26.029787760148363,28.786414588914077,8.520907085796898,0.1059027777777779,14,0.1049027777777779,2,2.5
1802,607,621,2021-07-07,2021-07-27,36.378436018957345,36.54976303317536,9.000410797048213,0.004709576138147709,14,0.0037095761381477086,2,2.5
1802,965,968,2022-12-15,2022-12-20,24.95,21.95,8.675498760413445,-0.12024048096192386,3,-0.12124048096192386,2,2.5
1802,1593,1607,2025-07-28,2025-08-15,20.65,31.2,8.88726538662501,0.5108958837772397,14,0.5098958837772397,2,2.5
1802,1732,1740,2026-02-25,2026-03-10,59.4,55.0,8.73714943854674,-0.07407407407407407,8,-0.07507407407407407,2,2.5
1904,430,444,2020-10-14,2020-11-03,28.042949570856283,27.230110452860448,8.784505884847276,-0.02898550724637683,14,-0.02998550724637683,1,1.5
1905,1071,1085,2023-06-02,2023-06-26,28.380519480519485,28.677179962894254,8.653448524544086,0.010452961672473782,14,0.00945296167247378,2,2.5
1907,587,601,2021-06-08,2021-06-29,40.90644608174313,36.85902318810155,8.801975918722443,-0.09894340088976761,14,-0.09994340088976761,1,1.5
2002,550,564,2021-04-15,2021-05-06,27.46144952519016,33.35197193089561,8.951695514452176,0.21450151057401823,14,0.21350151057401823,2,2.5
2006,539,553,2021-03-29,2021-04-20,31.580462539301497,42.41515441161528,8.84630281583826,0.343082114735658,14,0.34208211473565797,2,2.5
2014,479,493,2020-12-22,2021-01-12,14.071371801448404,14.555075207123194,8.608189165545966,0.034375000000000044,14,0.033375000000000044,2,2.5
2014,543,557,2021-04-06,2021-04-26,18.908405858196293,32.10031692205417,8.689695009201342,0.6976744186046511,14,0.6966744186046511,2,2.5
2023,567,570,2021-05-11,2021-05-14,23.425757175835336,18.74060574066827,8.754965504892514,-0.20000000000000007,3,-0.20100000000000007,1,1.5
2027,471,483,2020-12-10,2020-12-28,20.753266776782972,19.81727185216912,8.540555287221107,-0.04510108864696738,12,-0.04610108864696738,2,2.5
2027,553,567,2021-04-20,2021-05-11,30.306870145255388,33.114854919096935,8.739391298628696,0.09265175718849816,14,0.09165175718849816,2,2.5
2027,1479,1493,2025-02-11,2025-03-04,39.48799969680891,44.59220647312969,9.056991911597175,0.12925969447708585,14,0.12825969447708585,1,1.5
2027,1495,1509,2025-03-06,2025-03-26,45.705851587963316,46.26267414538013,8.5372541403421,0.012182741116751439,14,0.011182741116751438,2,2.5
2031,558,569,2021-04-27,2021-05-13,49.43543894240555,43.301114402107046,8.568968829281973,-0.12408759124087598,11,-0.12508759124087598,2,2.5
2049,251,265,2020-01-15,2020-02-13,256.19167119131913,265.94731429959785,8.751939030610663,0.038079470198675525,14,0.037079470198675524,2,2.5
2049,270,274,2020-02-20,2020-02-26,278.2479077839493,261.7057303394767,8.901927926232837,-0.05945121951219512,4,-0.06045121951219512,1,1.5
2049,476,490,2020-12-17,2021-01-07,338.96484837155276,366.4724669566788,8.859113508938961,0.08115183246073299,14,0.08015183246073299,2,2.5
2049,501,506,2021-01-22,2021-01-29,408.1775661018698,366.91613822418077,8.971048252197594,-0.10108695652173916,5,-0.10208695652173916,1,1.5
2049,1013,1017,2023-03-08,2023-03-14,251.16099826584994,227.94045314315815,8.843573238186412,-0.09245283018867922,4,-0.09345283018867923,2,2.5
2049,1270,1279,2024-03-28,2024-04-12,275.7631030251766,247.11869619685717,8.724222958972234,-0.10387323943661975,9,-0.10487323943661975,2,2.5
2049,1449,1463,2024-12-19,2025-01-09,271.6921174630462,292.8182676455254,8.718301631922895,0.07775768535262206,14,0.07675768535262206,0,0.0
2049,1784,1798,2026-05-14,2026-06-03,366.85776487663276,370.3374455732946,8.68603434449835,0.009485094850948617,14,0.008485094850948616,2,2.5
2059,1090,1104,2023-07-03,2023-07-21,641.1151052042242,878.3181679023695,8.52144542590521,0.3699851411589896,14,0.3689851411589896,2,2.5
2059,1230,1244,2024-01-22,2024-02-20,1003.7060438292069,1179.110983527515,9.11040908566114,0.17475728155339798,14,0.17375728155339798,1,1.5
2059,1420,1434,2024-11-08,2024-11-28,1434.0062375701489,1404.439098651177,9.080033868622287,-0.020618556701030855,14,-0.021618556701030855,1,1.5
2059,1436,1449,2024-12-02,2024-12-19,1453.7176635161304,1429.0783810836535,9.000307938661706,-0.016949152542372947,13,-0.017949152542372948,1,1.5
2059,1480,1494,2025-02-12,2025-03-05,1611.4090710839819,1985.926164057629,8.783517539371196,0.23241590214067265,14,0.23141590214067265,1,1.5
2059,1544,1558,2025-05-19,2025-06-09,1990.8540205441243,2114.050432706508,8.691951939208408,0.061881188118811936,14,0.060881188118811935,1,1.5
2059,1581,1584,2025-07-10,2025-07-15,2123.906145679499,2045.0604418955731,8.59009067946576,-0.037122969837587005,3,-0.038122969837587006,1,1.5
2059,1586,1600,2025-07-17,2025-08-06,2183.0404235174433,2700.4653545994556,8.807570275978097,0.23702031602708806,14,0.23602031602708806,2,2.5
2059,1604,1618,2025-08-12,2025-09-01,2971.4974613567006,3009.3852515506546,9.032086072560343,0.012750403016213774,14,0.011750403016213773,2,2.5
2059,1624,1636,2025-09-09,2025-09-25,3288.4011026878015,3203.699862164025,8.861187939758084,-0.025757575757575646,12,-0.026757575757575647,2,2.5
2059,1644,1658,2025-10-09,2025-10-31,3622.223638869745,4075.624396967609,8.737010874056882,0.1251719394773041,14,0.1241719394773041,1,1.5
2059,1663,1667,2025-11-07,2025-11-13,4195.202618883529,3821.5206753962784,8.538804402621409,-0.08907363420427561,4,-0.09007363420427561,1,1.5
2059,1782,1788,2026-05-12,2026-05-20,5430.844245348036,4583.831840110269,8.501500309801454,-0.15596330275229353,6,-0.15696330275229353,2,2.5
2059,1803,1817,2026-06-10,2026-07-01,6586.76705720193,7369.007925568574,8.694795856241468,0.11875945537065058,14,0.11775945537065058,2,2.5
2059,1827,1830,2026-07-16,2026-07-21,8380.44038594073,7672.9359062715375,8.916146556550613,-0.08442330558858491,3,-0.08542330558858491,1,1.5
2059,1840,1854,2026-08-04,2026-08-24,8689.350792556857,13602.022742935907,8.784441653813518,0.5653669724770642,14,0.5643669724770642,0,0.0
2105,1210,1212,2023-12-22,2023-12-26,41.08388240343759,38.910132011721316,8.724947027296523,-0.05291005291005291,2,-0.05391005291005291,2,2.5
2108,431,445,2020-10-15,2020-11-04,45.12398183307756,54.37439810885846,8.98180520547308,0.20500000000000007,14,0.20400000000000007,1,1.5
2108,541,555,2021-03-31,2021-04-22,75.95870275234722,113.91256035347388,8.59818389683754,0.49966437321698254,14,0.49866437321698254,2,2.5
2201,944,958,2022-11-16,2022-12-06,45.27021048743525,59.3780867340127,8.500088352471847,0.3116370808678499,14,0.3106370808678499,1,1.5
2201,990,1004,2023-02-01,2023-02-21,73.75383404856314,72.5037690646892,8.717553897373813,-0.016949152542372725,14,-0.017949152542372726,2,2.5
2204,1053,1058,2023-05-09,2023-05-16,63.14265881865573,61.24363148576384,8.889546036619226,-0.03007518796992459,5,-0.03107518796992459,1,1.5
2204,1061,1075,2023-05-19,2023-06-08,68.12760556749697,78.57225589840243,8.909442353271553,0.1533101045296168,14,0.1523101045296168,2,2.5
2204,1135,1147,2023-09-05,2023-09-21,89.68881534150428,80.18262754033101,9.020707196029775,-0.10599078341013835,12,-0.10699078341013835,1,1.5
2204,1200,1213,2023-12-08,2023-12-27,93.40862795935467,92.9953154462602,8.874652646204371,-0.004424778761061843,13,-0.005424778761061843,2,2.5
2204,1243,1257,2024-02-19,2024-03-11,102.08819073433897,104.9813783260004,8.696152188064254,0.028340080971659853,14,0.027340080971659853,2,2.5
2206,1049,1063,2023-05-03,2023-05-23,49.06804301990152,62.01655437237554,8.688980425140361,0.26388888888888884,14,0.26288888888888884,2,2.5
2206,1070,1084,2023-06-01,2023-06-21,67.72412187642658,78.20219356296805,8.990085754861598,0.15471698113207544,14,0.15371698113207544,2,2.5
2301,777,779,2022-03-18,2022-03-22,56.60464986592129,55.605744280052086,8.605949422841025,-0.01764705882352946,2,-0.01864705882352946,1,1.5
2301,879,885,2022-08-15,2022-08-23,57.60355545179049,55.32237211160565,8.659212457955714,-0.039601432972206085,6,-0.040601432972206086,2,2.5
2301,904,907,2022-09-20,2022-09-23,58.30126907146134,56.51393089554794,8.54797235081367,-0.03065693430656924,3,-0.03165693430656924,2,2.5
2301,1061,1075,2023-05-19,2023-06-08,72.73608080158786,84.26741068476643,8.58578770380616,0.1585365853658538,14,0.1575365853658538,2,2.5
2301,1081,1095,2023-06-16,2023-07-10,99.34684207046148,98.90332938264692,8.566836093274755,-0.004464285714285698,14,-0.0054642857142856984,2,2.5
2301,1579,1593,2025-07-08,2025-07-28,109.30838912224552,113.62319395601837,8.993850959268158,0.03947368421052633,14,0.03847368421052633,1,1.5
2301,1600,1611,2025-08-06,2025-08-21,130.40299053180166,121.18499838692331,9.428580645161292,-0.07068850267379678,11,-0.07168850267379678,2,2.5
2301,1625,1639,2025-09-10,2025-10-01,146.00602215291966,168.39361221636733,8.864362470967036,0.15333333333333332,14,0.15233333333333332,2,2.5
2301,1657,1661,2025-10-30,2025-11-05,180.0740939886009,160.6066243682116,9.457293449708244,-0.10810810810810811,4,-0.10910810810810811,1,1.5
2301,1855,1862,2026-08-25,2026-09-03,286.0,299.0,9.42609848098685,0.045454545454545414,7,0.04445454545454541,1,1.5
2303,374,388,2020-07-23,2020-08-12,13.718421337296775,18.35302314043758,8.700651041666667,0.33783783783783794,14,0.33683783783783794,2,2.5
2303,422,436,2020-09-29,2020-10-22,21.059630593471805,23.655007603230654,9.595692283514065,0.12323943661971826,14,0.12223943661971826,1,1.5
2303,459,473,2020-11-24,2020-12-14,28.326686220796585,34.18482289996656,8.736977157018913,0.20680628272251322,14,0.20580628272251322,2,2.5
2303,493,507,2021-01-12,2021-02-01,37.44758256937769,36.854353538575666,8.56052780490716,-0.015841584158415856,14,-0.016841584158415857,2,2.5
2303,513,520,2021-02-18,2021-03-02,42.71249021774564,41.006956754189815,9.274545025139508,-0.0399305555555558,7,-0.0409305555555558,2,2.5
2303,558,562,2021-04-27,2021-05-04,45.975249887156764,39.37557691948426,9.02720134777972,-0.1435483870967742,4,-0.1445483870967742,2,2.5
2303,630,637,2021-08-09,2021-08-18,47.16411944888601,42.34051632343176,8.59896846544734,-0.1022727272727274,7,-0.1032727272727274,2,2.5
2303,1719,1721,2026-01-28,2026-01-30,78.2596387096774,62.60771096774192,8.607909888899144,-0.19999999999999996,2,-0.20099999999999996,2,2.5
2303,1779,1793,2026-05-07,2026-05-27,95.75990967741936,137.15099999999998,8.6246699669967,0.4322381930184802,14,0.4312381930184802,2,2.5
2308,355,369,2020-06-24,2020-07-16,147.5864596472777,165.93779227050302,8.528389816001072,0.12434292866082597,14,0.12334292866082597,2,2.5
2308,381,395,2020-08-03,2020-08-21,179.80321426615154,174.43595413880374,9.098439636950653,-0.02985074626865669,14,-0.030850746268656692,2,2.5
2308,466,480,2020-12-03,2020-12-23,205.74497154833261,220.95220857581805,8.531572961064557,0.07391304347826066,14,0.07291304347826066,2,2.5
2308,490,504,2021-01-07,2021-01-27,266.5739196582744,254.94485604902084,8.771689871530528,-0.043624161073825385,14,-0.044624161073825386,2,2.5
2308,949,960,2022-11-23,2022-12-08,277.43086410702705,272.3018901487459,8.726459235621121,-0.018487394957983128,11,-0.01948739495798313,2,2.5
2308,1079,1093,2023-06-14,2023-07-06,323.5916297315576,344.4808054217414,8.566732393214746,0.06455412863278598,14,0.06355412863278598,2,2.5
2308,1342,1349,2024-07-12,2024-07-23,413.9335465197651,371.41616925032054,8.60640197636057,-0.10271546635182993,7,-0.10371546635182993,2,2.5
2308,1446,1459,2024-12-16,2025-01-03,416.37707394904356,410.02390263291966,8.769351410470708,-0.015258215962441368,13,-0.01625821596244137,0,0.0
2308,1571,1585,2025-06-26,2025-07-16,420.30224215246636,497.3991031390135,8.784674005670883,0.18343195266272194,14,0.18243195266272194,2,2.5
2308,1589,1603,2025-07-22,2025-08-11,512.3210762331839,631.6968609865471,8.988768743048134,0.23300970873786397,14,0.23200970873786397,1,1.5
2308,1614,1628,2025-08-26,2025-09-15,671.4887892376682,837.6200896860987,8.948155760461962,0.2474074074074073,14,0.2464074074074073,2,2.5
2308,1641,1655,2025-10-03,2025-10-28,895.3183856502243,1054.4860986547085,8.687089795555663,0.1777777777777776,14,0.1767777777777776,1,1.5
2308,1657,1659,2025-10-30,2025-11-03,1064.4340807174888,986.8398206278027,8.535102295724416,-0.07289719626168223,2,-0.07389719626168223,1,1.5
2308,1704,1718,2026-01-07,2026-01-27,1074.382062780269,1223.601793721973,8.512172117402098,0.13888888888888884,14,0.13788888888888884,2,2.5
2308,1752,1756,2026-03-26,2026-04-01,1527.0152466367713,1457.3793721973095,9.342437982465196,-0.04560260586319209,4,-0.04660260586319209,1,1.5
2308,1769,1783,2026-04-22,2026-05-13,2029.388340807175,2148.764125560538,9.147395954869573,0.05882352941176472,14,0.05782352941176472,2,2.5
2312,1799,1804,2026-06-04,2026-06-11,41.44456066945607,33.77510460251046,8.96888909552461,-0.1850533807829181,5,-0.1860533807829181,2,2.5
2313,375,378,2020-07-24,2020-07-29,40.86139702910486,38.110332674670076,8.688772378119648,-0.06732673267326728,3,-0.06832673267326728,2,2.5
2313,385,390,2020-08-07,2020-08-14,43.20789309612276,39.80951948182097,8.51206416629443,-0.0786516853932584,5,-0.0796516853932584,2,2.5
2313,782,792,2022-03-25,2022-04-12,43.5380922130586,38.09637325939233,8.892376058952227,-0.12498753797103923,10,-0.12598753797103923,1,1.5
2313,831,834,2022-06-08,2022-06-13,43.53871229644838,40.79577342177213,8.822800042878859,-0.06300000000000006,3,-0.06400000000000006,1,1.5
2313,861,875,2022-07-20,2022-08-09,43.97409941941286,44.148254268598656,8.60222638116046,0.003960396039603964,14,0.002960396039603964,0,0.0
2313,890,893,2022-08-30,2022-09-02,45.019028514527626,44.67071881615603,8.658320542109898,-0.007736943907156846,3,-0.008736943907156847,2,2.5
2313,1141,1155,2023-09-13,2023-10-04,46.601683149138715,47.43385606251619,8.51662813992911,0.017857142857142794,14,0.016857142857142793,1,1.5
2313,1182,1196,2023-11-14,2023-12-04,54.64602131178766,67.86832426878536,8.760082271559721,0.2419627749576989,14,0.2409627749576989,1,1.5
2313,1645,1659,2025-10-13,2025-11-03,81.78347506251792,86.30515757799367,9.351791775413316,0.05528846153846145,14,0.05428846153846145,1,1.5
2313,1690,1704,2025-12-16,2026-01-07,87.4847269298569,101.73785659820439,8.63482947299026,0.1629213483146068,14,0.1619213483146068,1,1.5
2313,1717,1731,2026-01-26,2026-02-24,171.0375560201697,205.44166211618085,9.111706079025595,0.20114942528735646,14,0.20014942528735646,2,2.5
2313,1792,1795,2026-05-26,2026-05-29,293.9093635059238,266.3860786291149,8.563275126557304,-0.09364548494983282,3,-0.09464548494983283,2,2.5
2314,661,675,2021-09-23,2021-10-14,69.87253168158637,66.54992178344101,8.699063806961522,-0.047552447552447474,14,-0.048552447552447475,0,0.0
2316,1609,1622,2025-08-19,2025-09-05,103.99038461538461,97.55288461538461,8.80191376699284,-0.06190476190476191,13,-0.06290476190476191,2,2.5
2316,1790,1804,2026-05-22,2026-06-11,158.46153846153845,153.0144230769231,9.350553276633038,-0.03437499999999982,14,-0.03537499999999982,2,2.5
2317,491,505,2021-01-08,2021-01-28,87.12034221694134,95.91230335810056,8.550441425962546,0.10091743119266061,14,0.09991743119266061,2,2.5
2317,533,543,2021-03-19,2021-04-06,101.50718772065643,98.70974553937849,8.570180030769562,-0.0275590551181103,10,-0.0285590551181103,2,2.5
2317,828,838,2022-06-02,2022-06-17,94.89019643867381,91.16088740833291,8.585578190125556,-0.039301310043668214,10,-0.040301310043668215,1,1.5
2317,879,887,2022-08-15,2022-08-25,98.4780942800335,95.42788782003247,8.536047362724997,-0.030973451327433565,8,-0.031973451327433566,2,2.5
2317,1262,1276,2024-03-18,2024-04-09,121.50776873477244,144.8043710109882,9.083259058037996,0.19172932330827064,14,0.19072932330827064,2,2.5
2317,1296,1310,2024-05-08,2024-05-28,153.9402934722493,169.47136165639313,8.817372051266238,0.10089020771513346,14,0.09989020771513346,2,2.5
2317,1312,1314,2024-05-30,2024-06-03,161.70582756432123,161.70582756432123,8.578225027807967,0.0,2,-0.001,2,2.5
2317,1322,1336,2024-06-14,2024-07-04,175.8665073792759,194.89967917356984,9.007638787857541,0.10822510822510822,14,0.10722510822510822,2,2.5
2317,1339,1346,2024-07-09,2024-07-18,212.23450640775752,193.02564379690088,8.536843486971641,-0.09050772626931569,7,-0.09150772626931569,2,2.5
2324,543,557,2021-04-06,2021-04-26,20.442212062998387,19.69684204739618,8.524002193794566,-0.03646229739252971,14,-0.03746229739252971,2,2.5
2324,776,790,2022-03-17,2022-04-08,21.354692480243155,20.683657781233666,8.720345551266572,-0.031423290203327126,14,-0.032423290203327126,1,1.5
2324,1056,1070,2023-05-12,2023-06-01,23.23876075682249,24.99178139418434,8.562610213622108,0.07543520309477758,14,0.07443520309477758,1,1.5
2324,1121,1132,2023-08-16,2023-08-31,31.32962523695411,29.26195986980936,9.055861927715686,-0.06599713055954104,11,-0.06699713055954104,0,0.0
2324,1213,1223,2023-12-27,2024-01-11,35.50990521835545,32.363457920526486,8.860870264930798,-0.08860759493670889,10,-0.08960759493670889,2,2.5
2327,471,485,2020-12-10,2020-12-30,372.9101746999626,367.15094420266587,8.612953526047214,-0.015444015444015524,14,-0.016444015444015525,2,2.5
2327,492,506,2021-01-11,2021-01-29,418.9840186783364,421.86363392698473,8.81528439587597,0.0068728522336769515,14,0.0058728522336769515,2,2.5
2327,1193,1207,2023-11-29,2023-12-19,462.47842932602634,481.1017217821079,8.518445539135195,0.04026845637583887,14,0.03926845637583887,2,2.5
2327,1328,1342,2024-06-24,2024-07-12,590.5135649615873,629.5008879164483,8.541512427313343,0.06602273896518707,14,0.06502273896518707,2,2.5
2327,1345,1349,2024-07-17,2024-07-23,637.4692535862767,600.8147715050658,8.85004898506462,-0.05750000000000011,4,-0.05850000000000011,2,2.5
2328,496,510,2021-01-15,2021-02-04,33.47998962792384,34.07405788494657,8.769473429951692,0.017743979721166037,14,0.016743979721166036,2,2.5
2328,1502,1511,2025-03-17,2025-03-28,52.16461016949154,46.432235425591365,8.59968401144627,-0.10989010989010994,9,-0.11089010989010994,1,1.5
2329,627,637,2021-08-04,2021-08-18,24.494535956609628,21.225767726698116,9.017471316204967,-0.13344887348353562,10,-0.13444887348353562,2,2.5
2329,1193,1207,2023-11-29,2023-12-19,51.164940039529,54.263000629078455,9.504980842911879,0.06055045871559628,14,0.05955045871559628,2,2.5
2330,429,441,2020-10-13,2020-10-29,419.10157451524987,393.4147038191539,8.578271616346365,-0.06129032258064526,12,-0.06229032258064526,1,1.5
2330,468,482,2020-12-07,2020-12-25,461.46237882109233,465.5381014995907,8.67192106970284,0.00883218842001976,14,0.007832188420019759,2,2.5
2330,494,507,2021-01-13,2021-02-01,538.9011097125613,538.9011097125613,8.990572630232815,0.0,13,-0.001,2,2.5
2330,1230,1244,2024-01-22,2024-02-20,608.7989005056344,649.1931403496101,8.510156857478144,0.06635071090047395,14,0.06535071090047395,1,1.5
2330,1279,1285,2024-04-12,2024-04-22,795.2310404354904,715.0315551910849,8.542102113821139,-0.10085054678007299,6,-0.10185054678007299,2,2.5
2330,1322,1336,2024-06-14,2024-07-04,888.5142361850639,969.9937076256156,8.949232877942006,0.09170305676855905,14,0.09070305676855905,2,2.5
2330,1340,1348,2024-07-10,2024-07-22,989.3935817781279,935.0739341510933,8.676990031016954,-0.054901960784313864,8,-0.055901960784313864,2,2.5
2330,1404,1415,2024-10-16,2024-11-01,1013.3032740537877,970.4327509207429,8.750051746056016,-0.04230769230769227,11,-0.04330769230769227,1,1.5
2330,1421,1423,2024-11-11,2024-11-13,1052.2764769020102,1018.1749244098156,8.68550143445374,-0.03240740740740722,2,-0.03340740740740722,1,1.5
2330,1439,1451,2024-12-05,2024-12-23,1042.5331761899547,1041.6486978832409,8.526783570392265,-0.0008483934390906001,12,-0.0018483934390906,1,1.5
2330,1461,1466,2025-01-07,2025-01-14,1124.7849789349548,1061.2101757777616,9.175393518518518,-0.0565217391304349,5,-0.0575217391304349,1,1.5
2330,1473,1475,2025-02-03,2025-02-05,1041.6486978832409,1085.6620231459128,8.75445764091071,0.042253521126760285,2,0.041253521126760284,0,0.0
2330,1641,1655,2025-10-03,2025-10-28,1352.4103647965242,1466.3496995596013,9.029062766421754,0.08424908424908417,14,0.08324908424908417,1,1.5
2330,1661,1663,2025-11-05,2025-11-07,1466.3496995596013,1446.534163079066,8.599186709744327,-0.013513513513513598,2,-0.014513513513513598,1,1.5
2330,1665,1667,2025-11-11,2025-11-13,1476.257467799869,1446.534163079066,8.589446229198956,-0.020134228187919545,2,-0.021134228187919546,1,1.5
2330,1687,1691,2025-12-11,2025-12-17,1501.0699214274814,1426.5134683764475,8.554448579518374,-0.04966887417218546,4,-0.05066887417218546,1,1.5
2330,1703,1717,2026-01-06,2026-01-26,1635.2715369193422,1754.5618618009964,8.830053571280233,0.07294832826747721,14,0.07194832826747721,1,1.5
2330,1724,1738,2026-02-04,2026-03-06,1774.4435826146055,1868.8817564792485,8.762044646819767,0.053221288515406195,14,0.052221288515406195,2,2.5
2330,1773,1787,2026-04-28,2026-05-19,2239.0166518847004,2214.0832815964523,8.56252170610417,-0.011135857461024412,14,-0.012135857461024413,2,2.5
2337,260,263,2020-02-06,2020-02-11,32.89017797439149,31.664457056091187,8.74657512176584,-0.037267080745341574,3,-0.038267080745341575,0,0.0
2337,466,480,2020-12-03,2020-12-23,36.08899949294679,33.0780488889524,8.583175708660871,-0.0834312573443009,14,-0.0844312573443009,2,2.5
2337,514,523,2021-02-19,2021-03-05,38.84550356702616,34.477504803485004,8.59212257544721,-0.11244541484716164,9,-0.11344541484716164,2,2.5
2337,1656,1660,2025-10-29,2025-11-04,38.0,30.400000000000002,8.670339789330615,-0.19999999999999996,4,-0.20099999999999996,1,1.5
2337,1704,1718,2026-01-07,2026-01-27,57.0,76.9,8.577537109745597,0.34912280701754406,14,0.34812280701754406,2,2.5
2337,1775,1788,2026-04-30,2026-05-20,172.5,144.5,9.200453294296828,-0.16231884057971013,13,-0.16331884057971013,1,1.5
2337,1798,1800,2026-06-03,2026-06-05,177.5,148.0,8.808385026188766,-0.16619718309859155,2,-0.16719718309859155,2,2.5
2338,515,526,2021-02-22,2021-03-10,49.3419547969626,40.25264733436423,8.959296333543826,-0.18421052631578938,11,-0.18521052631578938,2,2.5
2338,546,560,2021-04-09,2021-04-29,79.43069674211583,76.56510227114886,8.892889601710774,-0.036076662908680834,14,-0.037076662908680835,2,2.5
2338,618,629,2021-07-22,2021-08-06,91.34082376207232,82.6015747149614,8.980928001475947,-0.09567736185383235,11,-0.09667736185383236,2,2.5
2342,375,378,2020-07-24,2020-07-29,32.42088430684887,27.933247778499734,8.887359735973599,-0.1384180790960451,3,-0.1394180790960451,2,2.5
2344,465,479,2020-12-02,2020-12-22,18.39320115424522,21.819385682977174,8.52284088536176,0.1862745098039218,14,0.1852745098039218,2,2.5
2344,482,496,2020-12-25,2021-01-15,23.71280344885536,25.921790842379906,8.921318305166007,0.09315589353612141,14,0.09215589353612141,2,2.5
2344,547,561,2021-04-12,2021-05-03,31.10614901085589,32.09793926917303,8.634683776496914,0.03188405797101446,14,0.030884057971014456,2,2.5
2344,1214,1221,2023-12-28,2024-01-09,29.83064215686274,28.44776470588235,8.671188316873113,-0.04635761589403975,7,-0.04735761589403975,2,2.5
2344,1624,1638,2025-09-09,2025-09-30,24.272916666666664,33.822916666666664,8.97706315132226,0.39344262295081966,14,0.39244262295081966,2,2.5
2344,1641,1655,2025-10-03,2025-10-28,35.61354166666666,50.63489583333333,8.829197326166664,0.4217877094972069,14,0.4207877094972069,1,1.5
2344,1689,1703,2025-12-15,2026-01-06,71.625,95.30104166666666,8.802450336573141,0.3305555555555555,14,0.3295555555555555,1,1.5
2344,1785,1799,2026-05-15,2026-06-04,132.5,175.0,8.904607952499774,0.320754716981132,14,0.319754716981132,1,1.5
2344,1807,1819,2026-06-16,2026-07-03,198.5,180.5,8.988594995236879,-0.09068010075566746,12,-0.09168010075566746,2,2.5
2345,474,488,2020-12-15,2021-01-05,252.88978191476386,272.2734906889793,8.724635350836767,0.07664884135472372,14,0.07564884135472372,2,2.5
2345,1024,1037,2023-03-23,2023-04-14,291.04122737504713,287.74464389345275,8.867009192955209,-0.01132686084142398,13,-0.012326860841423981,2,2.5
2345,1125,1139,2023-08-22,2023-09-11,445.9824763607482,444.5422746071613,8.957577666477341,-0.0032292787944026013,14,-0.004229278794402601,0,0.0
2345,1144,1147,2023-09-18,2023-09-21,475.26657868368216,444.5422746071613,8.608470627272261,-0.06464646464646462,3,-0.06564646464646462,1,1.5
2345,1176,1190,2023-11-06,2023-11-24,518.4726312912896,529.0341108175936,8.604798941511627,0.02037037037037015,14,0.01937037037037015,1,1.5
2345,1408,1417,2024-10-22,2024-11-05,561.1602112676057,527.8627467246762,8.596360359372241,-0.059336823734729593,9,-0.060336823734729594,1,1.5
2345,1429,1443,2024-11-21,2024-12-11,603.2717105424871,693.3707322468846,8.544076292449951,0.14935064935064957,14,0.14835064935064957,1,1.5
2345,1454,1464,2024-12-26,2025-01-10,747.2342778310351,730.5855455595704,8.516424907990062,-0.022280471821756187,10,-0.023280471821756188,1,1.5
2345,1560,1566,2025-06-11,2025-06-19,778.5730679890864,712.9574760956666,9.23404453540277,-0.08427672955974841,6,-0.08527672955974841,1,1.5
2345,1595,1609,2025-07-30,2025-08-19,850.2696335078534,1066.5575916230368,8.574837158221616,0.25437572928821495,14,0.25337572928821495,2,2.5
2345,1661,1664,2025-11-05,2025-11-10,1086.4005235602094,986.1937172774869,8.659280743535817,-0.09223744292237435,3,-0.09323744292237435,1,1.5
2345,1690,1704,2025-12-16,2026-01-07,1175.693717277487,1255.0654450261782,8.997186316587712,0.06751054852320681,14,0.06651054852320681,1,1.5
2345,1729,1743,2026-02-11,2026-03-13,1344.3586387434557,1468.3769633507854,9.331204543097567,0.09225092250922495,14,0.09125092250922495,1,1.5
2345,1752,1756,2026-03-26,2026-04-01,1676.7277486910996,1572.5523560209426,9.220867627172407,-0.06213017751479277,4,-0.06313017751479277,1,1.5
2345,1762,1776,2026-04-13,2026-05-04,1805.7068062827227,2361.30890052356,9.127260292991238,0.3076923076923075,14,0.3066923076923075,2,2.5
2345,1785,1789,2026-05-15,2026-05-21,2619.2670157068064,2460.5235602094244,9.456441730058033,-0.06060606060606055,4,-0.06160606060606055,1,1.5
2345,1819,1822,2026-07-03,2026-07-08,2728.4031413612565,2420.837696335079,8.981661246314808,-0.11272727272727256,3,-0.11372727272727257,2,2.5
2347,739,753,2022-01-13,2022-02-11,51.57395337591336,52.33463115431917,8.51161446430972,0.014749262536873253,14,0.013749262536873252,1,1.5
2347,761,770,2022-02-23,2022-03-09,54.23632560033367,54.388461156014834,8.550426044212537,0.0028050490883591017,9,0.0018050490883591017,1,1.5
2347,779,793,2022-03-22,2022-04-13,56.59442671339166,57.887578936681514,8.60162418208171,0.022849462365591267,14,0.021849462365591266,1,1.5
2351,594,608,2021-06-18,2021-07-08,96.38885611285535,128.8105622599067,9.09280083987333,0.3363636363636364,14,0.3353636363636364,1,1.5
2351,681,695,2021-10-22,2021-11-11,131.9591368044631,139.51235338923033,8.740667261173916,0.05723905723905709,14,0.05623905723905709,1,1.5
2351,1790,1802,2026-05-22,2026-06-09,194.71003194888175,184.77584664536738,8.649953828135594,-0.05102040816326525,12,-0.05202040816326525,2,2.5
2352,484,494,2020-12-29,2021-01-13,22.10947376239556,20.973713123916337,8.86495011790314,-0.05136986301369861,10,-0.052369863013698614,2,2.5
2352,505,519,2021-01-28,2021-02-26,21.84446294675041,22.56377801778725,8.667833444522188,0.032928942807625594,14,0.03192894280762559,1,1.5
2352,542,556,2021-04-01,2021-04-23,26.122494685022154,27.296114011450683,8.603080342194916,0.04492753623188395,14,0.043927536231883946,2,2.5
2352,1072,1086,2023-06-05,2023-06-27,36.77810899229705,39.94414903526602,8.957706294334201,0.08608490566037741,14,0.08508490566037741,2,2.5
2352,1100,1111,2023-07-17,2023-08-01,47.880934348462205,44.7839712694658,8.928185408438994,-0.06468050636726697,11,-0.06568050636726697,2,2.5
2353,1076,1083,2023-06-09,2023-06-20,29.082538858591054,27.169213933683746,8.970738512007983,-0.06578947368421062,7,-0.06678947368421062,2,2.5
2353,1208,1222,2023-12-20,2024-01-10,36.674813807625206,42.14933091725858,8.995704921555987,0.14927184466019416,14,0.14827184466019416,2,2.5
2353,1309,1317,2024-05-27,2024-06-06,51.98565840692505,45.48745110605942,9.45190503229551,-0.125,8,-0.126,2,2.5
2354,1415,1429,2024-11-01,2024-11-21,75.38067692307692,78.52153846153846,8.869895328681276,0.04166666666666674,14,0.04066666666666674,1,1.5
2356,974,985,2022-12-28,2023-01-13,22.781283979849366,22.649600257422495,8.892920353982301,-0.005780346820809079,11,-0.006780346820809079,2,2.5
2356,1048,1051,2023-05-02,2023-05-05,29.058208082197076,28.09252745106666,8.632456181685413,-0.0332326283987916,3,-0.0342326283987916,2,2.5
2356,1080,1094,2023-06-15,2023-07-07,38.18827950379374,39.06617098663957,8.842888650589101,0.02298850574712641,14,0.021988505747126408,2,2.5
2356,1097,1111,2023-07-12,2023-08-01,42.74971729867877,57.12051303959199,9.228069316518223,0.3361611876988335,14,0.3351611876988335,2,2.5
2356,1791,1805,2026-05-25,2026-06-12,63.34662480376766,66.34929356357927,8.543762981328637,0.04740061162079501,14,0.04640061162079501,2,2.5
2357,391,405,2020-08-17,2020-09-04,163.21810663101104,163.5485076565799,8.577329890210894,0.002024291497975783,14,0.001024291497975783,2,2.5
2357,505,519,2021-01-28,2021-02-26,190.3109907276566,198.5710163668778,8.604268243590278,0.0434027777777779,14,0.0424027777777779,1,1.5
2357,534,548,2021-03-22,2021-04-13,252.42638353460006,247.47036815106733,8.636190276652075,-0.01963350785340312,14,-0.02063350785340312,2,2.5
2357,573,587,2021-05-19,2021-06-08,257.71279994370167,257.71279994370167,8.696099419952748,0.0,14,-0.001,0,0.0
2357,1110,1124,2023-07-31,2023-08-21,344.46253959183673,330.21784810495626,8.563364907685232,-0.041353383458646586,14,-0.04235338345864659,2,2.5
2357,1128,1136,2023-08-25,2023-09-06,358.7072310787172,342.7359103206997,8.921096721511812,-0.044524669073405576,8,-0.04552466907340558,0,0.0
2357,1207,1221,2023-12-19,2024-01-09,368.63534938775507,398.4197043148688,8.786693275340387,0.08079625292740045,14,0.07979625292740045,2,2.5
2357,1301,1315,2024-05-15,2024-06-04,442.8804080466472,438.56383486880463,8.758905525468126,-0.009746588693957059,14,-0.01074658869395706,2,2.5
2357,1373,1380,2024-08-28,2024-09-06,496.3602857142857,466.8469714285714,8.527828304082586,-0.05945945945945941,7,-0.06045945945945941,1,1.5
2357,1390,1396,2024-09-23,2024-10-01,525.8736,496.3602857142857,8.901274823164515,-0.056122448979591955,6,-0.057122448979591955,1,1.5
2357,1428,1432,2024-11-20,2024-11-26,557.1756,540.1830857142857,8.652443455452358,-0.03049759229534532,4,-0.03149759229534532,0,0.0
2357,1462,1466,2025-01-08,2025-01-14,578.6398285714286,543.7604571428571,8.777914445811124,-0.06027820710973719,4,-0.06127820710973719,1,1.5
2357,1475,1489,2025-02-05,2025-02-25,576.8511428571428,619.7796,8.793313581128,0.07441860465116279,14,0.07341860465116279,1,1.5
2357,1861,1862,2026-09-02,2026-09-03,1000.0,971.0,8.758501742160279,-0.029000000000000026,1,-0.030000000000000027,1,1.5
2359,1307,1320,2024-05-23,2024-06-12,168.6813339540198,151.13067492990214,8.98435582822086,-0.10404624277456642,13,-0.10504624277456642,2,2.5
2360,1081,1095,2023-06-16,2023-07-10,232.82848806769178,245.78573629331552,9.02020450143329,0.05565147260612102,14,0.05465147260612102,2,2.5
2360,1098,1112,2023-07-13,2023-08-02,260.438347495417,266.1103260252628,8.542160659009312,0.021778584392014633,14,0.020778584392014632,2,2.5
2360,1345,1347,2024-07-17,2024-07-19,333.11756282302616,288.15394403849575,8.67723126679924,-0.13497822931785208,2,-0.13597822931785208,2,2.5
2360,1383,1397,2024-09-11,2024-10-04,330.7001639636428,356.3245918731063,8.654991741736696,0.07748538011695905,14,0.07648538011695905,0,0.0
2360,1415,1425,2024-11-01,2024-11-15,400.80473088576,401.28821065763674,8.821355948291933,0.0012062726176116367,10,0.0002062726176116367,1,1.5
2360,1598,1612,2025-08-04,2025-08-22,475.47838709677416,496.798064516129,8.567088779820036,0.044838373305526646,14,0.043838373305526646,2,2.5
2360,1616,1630,2025-08-28,2025-09-17,542.4122580645161,551.3367741935484,8.935276871824453,0.01645338208409508,14,0.01545338208409508,2,2.5
2360,1633,1638,2025-09-22,2025-09-30,586.0432258064516,564.2277419354839,8.548990418541269,-0.037225042301184286,5,-0.03822504230118429,2,2.5
2360,1641,1655,2025-10-03,2025-10-28,615.7916129032258,725.8606451612903,9.115827714502707,0.17874396135265713,14,0.17774396135265713,1,1.5
2360,1657,1671,2025-10-30,2025-11-19,789.3238709677419,745.6929032258064,8.973435732214535,-0.055276381909547756,14,-0.05627638190954776,1,1.5
2360,1675,1681,2025-11-25,2025-12-03,827.0051612903226,780.3993548387097,9.290363109340694,-0.056354916067146266,6,-0.05735491606714627,0,0.0
2360,1735,1739,2026-03-03,2026-03-09,1546.916129032258,1237.5329032258064,8.691112096284256,-0.19999999999999996,4,-0.20099999999999996,2,2.5
2360,1747,1756,2026-03-19,2026-04-01,1546.916129032258,1517.1677419354837,8.864931773879142,-0.019230769230769273,9,-0.020230769230769274,1,1.5
2360,1761,1775,2026-04-10,2026-04-30,1913.8129032258064,2097.2612903225804,8.586242375204861,0.09585492227979264,14,0.09485492227979264,1,1.5
2360,1783,1788,2026-05-13,2026-05-20,2444.3258064516126,2072.4709677419355,9.111108517001764,-0.15212981744421894,5,-0.15312981744421894,2,2.5
2360,1794,1803,2026-05-28,2026-06-10,2538.5290322580645,2310.458064516129,8.520353705141499,-0.08984375,9,-0.09084375,2,2.5
2367,894,904,2022-09-05,2022-09-20,22.915045122198006,22.064589839312305,8.853060245585455,-0.03711340206185576,10,-0.03811340206185576,2,2.5
2367,1714,1728,2026-01-21,2026-02-10,37.04476584022039,53.20523415977963,8.57404742445603,0.4362416107382552,14,0.4352416107382552,2,2.5
2368,280,290,2020-03-06,2020-03-20,16.076607296276357,15.900906670087545,8.848749579489652,-0.010928961748633781,10,-0.011928961748633782,0,0.0
2368,297,311,2020-03-31,2020-04-22,20.908374516468704,23.5878090658481,8.878302624561938,0.12815126050420167,14,0.12715126050420167,0,0.0
2368,314,328,2020-04-27,2020-05-18,25.47659079737783,29.956956765192555,8.917242149385006,0.17586206896551726,14,0.17486206896551726,1,1.5
2368,373,387,2020-07-22,2020-08-11,36.58965540382023,38.30273650916116,8.644250495074502,0.04681872749099658,14,0.04581872749099658,2,2.5
2368,392,406,2020-08-18,2020-09-07,47.2634684447906,48.405522515017886,8.59082822909792,0.024163568773234445,14,0.023163568773234444,2,2.5
2368,598,612,2021-06-24,2021-07-14,59.56251227800748,71.24660391956353,8.869394914752068,0.19616519174041303,14,0.19516519174041302,2,2.5
2368,727,736,2021-12-27,2022-01-10,73.19186085236824,65.47801277233924,8.784795612519389,-0.10539215686274495,9,-0.10639215686274495,2,2.5
2368,786,792,2022-03-31,2022-04-12,78.93239895843634,72.02581404957316,8.510501472234642,-0.08750000000000002,6,-0.08850000000000002,1,1.5
2368,834,839,2022-06-13,2022-06-20,82.43053936682159,72.02581404957316,8.838620001612384,-0.12622415669205667,5,-0.12722415669205667,0,0.0
2368,1201,1203,2023-12-11,2023-12-13,228.4722982259389,210.34714721845316,8.933005495717987,-0.07933194154488521,2,-0.08033194154488521,2,2.5
2368,1548,1562,2025-05-23,2025-06-13,241.25892207792205,268.44302597402594,8.54483990623305,0.11267605633802824,14,0.11167605633802824,1,1.5
2368,1578,1592,2025-07-07,2025-07-25,297.3938387096774,331.65122580645163,8.982521811616262,0.11519198664440733,14,0.11419198664440733,1,1.5
2368,1598,1612,2025-08-04,2025-08-22,370.3769677419355,450.310870967742,8.785562508538916,0.21581769436997322,14,0.21481769436997322,2,2.5
2368,1617,1620,2025-08-29,2025-09-03,490.5260645161291,433.9269032258065,8.515759604231741,-0.11538461538461542,3,-0.11638461538461542,2,2.5
2368,1680,1692,2025-12-02,2025-12-18,615.6400000000001,576.9142580645162,8.717135598945944,-0.06290322580645169,12,-0.06390322580645169,1,1.5
2368,1696,1706,2025-12-24,2026-01-09,651.3868387096775,626.5626451612904,9.076809721794476,-0.03810975609756084,10,-0.039109756097560844,1,1.5
2368,1765,1779,2026-04-16,2026-05-07,1186.5964516129034,1449.7329032258067,8.554767159991217,0.2217573221757323,14,0.2207573221757323,2,2.5
2376,264,274,2020-02-12,2020-02-26,40.433426935866606,38.92792699676519,8.549997067323092,-0.037234042553191515,10,-0.038234042553191516,0,0.0
2376,327,341,2020-05-15,2020-06-04,43.874569653812706,44.80654580658977,8.598448980275961,0.0212418300653594,14,0.0202418300653594,2,2.5
2376,343,347,2020-06-08,2020-06-12,50.32671224996163,43.08597444761672,8.717372066179301,-0.14387464387464388,4,-0.14487464387464388,2,2.5
2376,362,376,2020-07-07,2020-07-27,51.68883124248195,61.2600608919487,8.546216279149856,0.18517016963618937,14,0.18417016963618937,2,2.5
2376,380,389,2020-07-31,2020-08-13,62.294609568049154,59.782134211805186,8.96269794009473,-0.0403321470937128,9,-0.0413321470937128,2,2.5
2376,528,542,2021-03-12,2021-04-01,70.86658431288154,73.89633400717574,8.965625415172049,0.042752867570385655,14,0.041752867570385654,2,2.5
2376,561,568,2021-05-03,2021-05-12,96.06523420932847,76.85218736746278,8.71756527606642,-0.19999999999999996,7,-0.20099999999999996,2,2.5
2376,716,730,2021-12-10,2021-12-30,114.8164289636493,119.06888929563631,8.718351216472023,0.03703703703703698,14,0.03603703703703698,2,2.5
2376,1028,1042,2023-03-29,2023-04-21,113.75584138169896,118.64378769106884,8.627180544432374,0.04296875,14,0.04196875,2,2.5
2376,1054,1068,2023-05-10,2023-05-30,121.75429897884966,166.19017451857582,8.574397502620766,0.36496350364963503,14,0.36396350364963503,1,1.5
2376,1096,1110,2023-07-11,2023-07-31,246.1747504900829,319.0495863752338,8.978919605453942,0.296028880866426,14,0.295028880866426,2,2.5
2376,1641,1647,2025-10-03,2025-10-15,288.3372956909361,271.94353640416045,8.846308439440723,-0.05685618729096997,6,-0.057856187290969974,1,1.5
2376,1798,1804,2026-06-03,2026-06-11,378.02080237741455,331.73254086181277,8.570583746718594,-0.12244897959183676,6,-0.12344897959183676,2,2.5
2377,264,273,2020-02-12,2020-02-25,71.72130783596356,67.28493827909983,8.521469576319468,-0.061855670103092786,9,-0.06285567010309279,0,0.0
2377,326,340,2020-05-14,2020-06-03,76.52737485589925,77.63646724511518,9.010937818466756,0.01449275362318847,14,0.01349275362318847,2,2.5
2377,362,376,2020-07-07,2020-07-27,89.46678606341845,100.55770995557776,8.530523462336948,0.12396694214876036,14,0.12296694214876036,2,2.5
2377,385,399,2020-08-07,2020-08-27,102.03649980786568,109.1807500921751,8.640796474678217,0.07001661462086628,14,0.06901661462086628,2,2.5
2377,517,531,2021-02-24,2021-03-17,121.7346342491151,121.7346342491151,8.925777382540389,0.0,14,-0.001,2,2.5
2377,1021,1035,2023-03-20,2023-04-12,125.21417749744175,128.26818182664766,8.874076575193893,0.024390243902439046,14,0.023390243902439045,2,2.5
2377,1058,1072,2023-05-16,2023-06-05,133.06733148682835,149.64621213108893,8.765127013621456,0.12459016393442623,14,0.12359016393442623,1,1.5
2377,1102,1113,2023-07-19,2023-08-04,171.0242424355302,163.1710884461436,8.792011196748977,-0.04591836734693877,11,-0.04691836734693877,2,2.5
2379,359,373,2020-07-02,2020-07-22,241.00318351972868,279.0960184735512,8.722920653398607,0.1580594679186229,14,0.1570594679186229,2,2.5
2379,382,395,2020-08-04,2020-08-21,295.31376008755484,288.1477812348556,9.135363359278571,-0.024265644955300036,13,-0.025265644955300037,2,2.5
2379,495,509,2021-01-14,2021-02-03,345.63543287893344,381.3640394237221,8.803577526511557,0.10337078651685405,14,0.10237078651685405,2,2.5
2379,1136,1141,2023-09-06,2023-09-13,397.46690318214814,368.6045016339868,8.61371508375288,-0.07261586138892806,5,-0.07361586138892806,1,1.5
2379,1194,1208,2023-11-30,2023-12-20,421.2622875816992,437.8910620915031,8.508300624436377,0.03947368421052633,14,0.03847368421052633,2,2.5
2379,1247,1261,2024-02-23,2024-03-15,511.7967265795205,533.9684259259258,8.921870071239766,0.04332129963898934,14,0.04232129963898934,2,2.5
2382,332,346,2020-05-22,2020-06-11,47.987863950431866,48.12497213314739,8.825102338211051,0.0028571428571428914,14,0.0018571428571428914,2,2.5
2382,374,382,2020-07-23,2020-08-04,56.21435491336304,53.492380043959535,8.590132068452382,-0.04842134849005353,8,-0.04942134849005353,2,2.5
2382,392,397,2020-08-18,2020-08-25,60.74436713716747,56.57985969750351,8.863732697811086,-0.0685579196217494,5,-0.0695579196217494,2,2.5
2382,1049,1063,2023-05-03,2023-05-23,78.98070351505723,93.51811695666149,8.71180037269472,0.18406285072951745,14,0.18306285072951745,2,2.5
2382,1075,1089,2023-06-08,2023-06-30,108.58738698759272,129.8616505606721,8.88648122490831,0.19591836734693868,14,0.19491836734693868,2,2.5
2382,1108,1113,2023-07-27,2023-08-04,235.34654077719077,188.27723262175263,9.217231890554913,-0.19999999999999996,5,-0.20099999999999996,2,2.5
2382,1271,1281,2024-03-29,2024-04-16,247.31331403704792,236.62711502130534,9.156717407323363,-0.04320915377059631,10,-0.04420915377059631,2,2.5
2382,1302,1314,2024-05-16,2024-06-03,265.91944647461975,255.39251485858486,8.902190234857681,-0.03958691910499146,12,-0.04058691910499146,2,2.5
2382,1327,1341,2024-06-21,2024-07-11,293.38100721210196,313.97717776521364,8.816836973684028,0.07020280811232449,14,0.06920280811232449,2,2.5
2383,334,348,2020-05-26,2020-06-15,123.56630411568759,124.81444860170464,9.250963148206036,0.010101010101010166,14,0.009101010101010165,2,2.5
2383,350,364,2020-06-17,2020-07-09,131.88726735580124,137.7119416238808,8.884844275637548,0.04416403785488954,14,0.043164037854889536,2,2.5
2383,383,390,2020-08-05,2020-08-14,148.9452419980342,140.20823059591487,8.669672317394333,-0.05865921787709494,7,-0.05965921787709494,2,2.5
2383,594,608,2021-06-18,2021-07-08,183.0708768979852,187.8091819471095,8.591663098365629,0.025882352941176467,14,0.024882352941176467,1,1.5
2383,613,625,2021-07-15,2021-08-02,200.30107707661907,193.83975200963135,8.573155313702374,-0.032258064516129004,12,-0.033258064516129004,2,2.5
2383,662,664,2021-09-24,2021-09-28,219.35487002746308,198.04103650252742,8.518740336067435,-0.09716599190283393,2,-0.09816599190283393,0,0.0
2383,706,720,2021-11-26,2021-12-16,232.23197778211173,247.77331472737734,8.762417369061744,0.06692160611854692,14,0.06592160611854692,2,2.5
2383,1078,1087,2023-06-13,2023-06-28,223.8579077085365,217.73127023440813,8.523968137835093,-0.027368421052631486,9,-0.028368421052631487,2,2.5
2383,1092,1106,2023-07-05,2023-07-25,250.24957682785868,335.5512216599536,8.728606869321155,0.3408662900188324,14,0.3398662900188324,2,2.5
2383,1110,1124,2023-07-31,2023-08-21,403.88679348677005,410.0134309608984,8.590929783664606,0.015169194865811031,14,0.01416919486581103,2,2.5
2383,1127,1130,2023-08-24,2023-08-29,432.37876036884626,392.5038302459415,8.961294904429616,-0.09222222222222232,3,-0.09322222222222232,0,0.0
2383,1237,1251,2024-01-31,2024-03-01,450.1543316284544,478.4991614748565,8.854849465602891,0.06296691568836721,14,0.06196691568836721,1,1.5
2383,1441,1455,2024-12-09,2024-12-27,530.5825610795455,594.44898046875,8.806507752163721,0.12037037037037046,14,0.11937037037037046,1,1.5
2383,1457,1463,2024-12-31,2025-01-09,603.2920231534091,589.5361789772728,8.605242193571986,-0.02280130293159599,6,-0.02380130293159599,1,1.5
2383,1479,1489,2025-02-11,2025-02-25,601.3269025568183,576.7628950994318,8.578892334075798,-0.040849673202614456,10,-0.04184967320261446,1,1.5
2383,1492,1496,2025-03-03,2025-03-07,613.1176261363637,590.5187392755682,8.775537116234968,-0.03685897435897434,4,-0.03785897435897434,2,2.5
2383,1536,1550,2025-05-07,2025-05-27,614.1001864346591,697.6178117897728,9.106705936285767,0.1359999999999999,14,0.1349999999999999,0,0.0
2383,1577,1591,2025-07-04,2025-07-24,918.6938789062501,974.6998159090911,8.795410917369104,0.06096256684491985,14,0.05996256684491985,2,2.5
2383,1660,1674,2025-11-04,2025-11-24,1433.4545454545457,1323.9545454545457,8.697280783473152,-0.07638888888888884,14,-0.07738888888888884,1,1.5
2383,1689,1703,2025-12-15,2026-01-06,1567.8409090909092,1622.5909090909092,8.642183701403304,0.03492063492063502,14,0.03392063492063502,1,1.5
2383,1725,1739,2026-02-05,2026-03-09,1971.0000000000002,2115.3409090909095,9.411754966887418,0.07323232323232332,14,0.07223232323232331,1,1.5
2383,1769,1783,2026-04-22,2026-05-13,3942.0000000000005,4857.818181818183,8.752655182340918,0.2323232323232325,14,0.23132323232323249,2,2.5
2383,1850,1858,2026-08-18,2026-08-28,6321.136363636365,5480.0,8.635296247280914,-0.13306727070075164,8,-0.13406727070075164,1,1.5
2385,1167,1181,2023-10-24,2023-11-13,105.98121780232162,124.7088225545391,8.767308226137967,0.17670682730923692,14,0.17570682730923692,1,1.5
2385,1194,1208,2023-11-30,2023-12-20,137.05201659577335,152.8002296828653,8.523575709211537,0.11490683229813659,14,0.11390683229813658,2,2.5
2385,1213,1216,2023-12-27,2024-01-02,155.3539939672586,149.39521063700758,8.985657385341735,-0.0383561643835616,3,-0.0393561643835616,2,2.5
2385,1253,1267,2024-03-05,2024-03-25,171.953461815815,197.0654772790157,8.70280655657833,0.14603960396039617,14,0.14503960396039617,2,2.5
2387,384,398,2020-08-06,2020-08-26,34.70029581244933,44.28172077558833,8.822070926616382,0.27611940298507487,14,0.27511940298507487,2,2.5
2387,402,411,2020-09-01,2020-09-14,47.58342802639974,44.21698141772928,8.996726228561936,-0.07074829931972793,9,-0.07174829931972793,2,2.5
2388,1097,1111,2023-07-12,2023-08-01,97.54947725926162,129.40236779289808,9.017780183453963,0.3265306122448981,14,0.3255306122448981,2,2.5
2388,1184,1198,2023-11-16,2023-12-06,158.2690498390061,172.20468944747205,8.511056907366312,0.08805031446540879,14,0.08705031446540878,2,2.5
2388,1791,1794,2026-05-25,2026-05-28,90.24453316953316,75.85337837837837,8.654724874687428,-0.15946843853820603,3,-0.16046843853820603,2,2.5
2395,382,396,2020-08-04,2020-08-24,244.42625626368715,242.45189231971554,8.628626875212241,-0.008077544426494332,14,-0.009077544426494333,2,2.5
2395,498,502,2021-01-19,2021-01-25,295.7597188069494,274.0417154232615,8.530199421702436,-0.07343124165554082,4,-0.07443124165554083,2,2.5
2395,1476,1490,2025-02-06,2025-02-26,393.7636654088051,384.21787958071286,9.30633833386852,-0.024242424242424176,14,-0.025242424242424177,1,1.5
2395,1780,1794,2026-05-08,2026-05-28,440.52452830188685,498.28218867924534,8.60694261994028,0.13111111111111118,14,0.13011111111111118,2,2.5
2395,1831,1845,2026-07-22,2026-08-11,589.0,660.0,8.844571548903115,0.1205432937181663,14,0.1195432937181663,1,1.5
2395,1852,1862,2026-08-20,2026-09-03,698.0,674.0,8.760043026950921,-0.034383954154727836,10,-0.03538395415472784,1,1.5
2401,610,624,2021-07-12,2021-07-30,33.17687290446174,38.325780305289136,8.996652484350548,0.155195681511471,14,0.154195681511471,2,2.5
2402,1609,1623,2025-08-19,2025-09-08,56.372727272727275,55.120000000000005,8.510873551903567,-0.022222222222222143,14,-0.023222222222222144,2,2.5
2404,349,354,2020-06-16,2020-06-23,147.3403266046443,142.03891813033528,9.04019318890538,-0.03598070261194819,5,-0.03698070261194819,2,2.5
2404,501,515,2021-01-22,2021-02-22,177.4609693183942,170.79741513450193,8.869211132137472,-0.03754940711462451,14,-0.03854940711462451,1,1.5
2404,1146,1153,2023-09-20,2023-10-02,207.44684298278145,201.293758657021,8.585984905864425,-0.029661016949152463,7,-0.030661016949152464,1,1.5
2404,1171,1184,2023-10-30,2023-11-16,215.35795140161633,212.72091526200472,8.54133718437937,-0.012244897959183598,13,-0.0132448979591836,1,1.5
2404,1264,1278,2024-03-20,2024-04-11,377.9751800110001,350.286300545078,8.89628869735256,-0.07325581395348835,14,-0.07425581395348835,2,2.5
2404,1283,1285,2024-04-18,2024-04-22,373.1406137550455,352.04432463815243,8.853296227262538,-0.0565371024734983,2,-0.0575371024734983,2,2.5
2404,1437,1451,2024-12-03,2024-12-23,411.7022729102374,433.1256943512679,8.51081220061655,0.05203619909502266,14,0.05103619909502266,1,1.5
2404,1461,1475,2025-01-07,2025-02-05,459.20638132295716,457.34347511069365,8.68462324875177,-0.0040567951318458695,14,-0.0050567951318458695,1,1.5
2404,1547,1561,2025-05-22,2025-06-12,510.43630216020387,553.2831450422648,8.659546378814866,0.08394160583941601,14,0.08294160583941601,1,1.5
2404,1568,1582,2025-06-23,2025-07-11,557.9404105729236,670.6462364148664,8.937765890934735,0.20200333889816346,14,0.20100333889816346,1,1.5
2404,1587,1601,2025-07-18,2025-08-07,722.7782101167314,847.7626459143968,8.54031332941888,0.17292225201072386,14,0.17192225201072386,2,2.5
2404,1606,1620,2025-08-14,2025-09-03,1031.8482490272372,1046.3813229571983,9.022217262569002,0.014084507042253502,14,0.013084507042253501,2,2.5
2408,268,274,2020-02-18,2020-02-26,75.46751743323398,70.70205996041209,8.61802577164071,-0.06314580941446613,6,-0.06414580941446613,1,1.5
2408,468,480,2020-12-07,2020-12-23,78.79132390587448,72.12914882927856,8.828335522696765,-0.08455467869222089,12,-0.08555467869222089,2,2.5
2408,516,524,2021-02-23,2021-03-08,85.09818297838528,81.98916794264052,8.77033701956666,-0.03653444676409179,8,-0.03753444676409179,2,2.5
2408,1031,1043,2023-04-06,2023-04-24,62.736272096710266,62.446273920608355,8.82748384911387,-0.0046224961479200966,12,-0.005622496147920097,2,2.5
2408,1630,1644,2025-09-17,2025-10-09,68.9778359096314,96.38954815695601,9.049336094627963,0.39739884393063574,14,0.39639884393063574,2,2.5
2408,1650,1664,2025-10-20,2025-11-10,107.65326991676575,152.50879904875148,9.382151891920987,0.41666666666666674,14,0.41566666666666674,1,1.5
2408,1697,1711,2025-12-26,2026-01-16,189.8884066587396,243.71504161712247,9.191862185584444,0.2834645669291338,14,0.2824645669291338,1,1.5
2408,1718,1727,2026-01-27,2026-02-09,282.0914387633769,281.59304399524376,8.73487581101552,-0.0017667844522967213,9,-0.0027667844522967213,2,2.5
2408,1783,1797,2026-05-13,2026-06-02,310.4999405469679,399.71260404280616,8.643837492662467,0.2873194221508828,14,0.2863194221508828,2,2.5
2408,1808,1819,2026-06-17,2026-07-03,413.66765755053507,397.7190249702735,9.210553237080621,-0.03855421686746985,11,-0.03955421686746985,2,2.5
2408,1846,1860,2026-08-12,2026-09-01,497.0,551.0,9.057215080499162,0.10865191146881292,14,0.10765191146881292,1,1.5
2409,406,420,2020-09-07,2020-09-25,10.026381832278748,9.05998358338441,9.003412965061091,-0.09638554216867479,14,-0.09738554216867479,2,2.5
2409,467,481,2020-12-04,2020-12-24,11.516245799324185,11.75784536154777,8.78913013920478,0.020979020979021046,14,0.019979020979021045,2,2.5
2409,516,530,2021-02-23,2021-03-16,14.495973733415058,14.938906264158296,8.652851038117724,0.03055555555555567,14,0.029555555555555668,2,2.5
2409,535,549,2021-03-23,2021-04-14,16.34823704379587,20.697029163820385,8.618633519873727,0.26600985221674867,14,0.26500985221674866,2,2.5
2409,1798,1812,2026-06-03,2026-06-24,27.03488372093023,27.91966173361522,8.935447507543635,0.032727272727272716,14,0.031727272727272715,2,2.5
2412,763,769,2022-02-25,2022-03-08,102.53886888100637,99.23116343323197,8.52306027970784,-0.032258064516129004,6,-0.033258064516129004,1,1.5
2412,792,806,2022-04-12,2022-05-03,106.67350069072437,107.50042705266796,8.64415537188776,0.007751937984496138,14,0.006751937984496138,0,0.0
2412,847,856,2022-06-30,2022-07-13,106.29376748726136,105.00795578378643,8.692034055037471,-0.012096774193548376,9,-0.013096774193548377,0,0.0
2412,1515,1517,2025-04-07,2025-04-09,114.01300715513449,116.79381220769875,8.708565818997757,0.024390243902439046,2,0.023390243902439045,0,0.0
2412,1523,1525,2025-04-17,2025-04-21,119.574617260263,118.64768224274158,8.519481091693587,-0.007751937984496138,2,-0.008751937984496139,0,0.0
2412,1527,1529,2025-04-23,2025-04-25,119.1111497515023,117.72074722522017,8.778420934057454,-0.011673151750972832,2,-0.012673151750972833,0,0.0
2417,384,398,2020-08-06,2020-08-26,38.894680184431664,54.98585992976392,8.694411911971947,0.41371158392435015,14,0.41271158392435014,2,2.5
2421,381,395,2020-08-03,2020-08-21,44.87163148984167,48.5641092153027,9.007521869990208,0.08228980322003587,14,0.08128980322003587,2,2.5
2421,1062,1076,2023-05-22,2023-06-09,63.11159980645563,78.16734899745475,8.95949825717726,0.23855755894590835,14,0.23755755894590835,2,2.5
2421,1080,1087,2023-06-15,2023-06-28,82.2814199973208,77.64214844428037,8.839281822618712,-0.05638297872340425,7,-0.057382978723404254,2,2.5
2421,1091,1096,2023-07-04,2023-07-11,90.15942829493662,83.68328358643902,9.17880472854641,-0.07182992207217997,5,-0.07282992207217998,2,2.5
2421,1608,1619,2025-08-18,2025-09-02,130.12672215136055,127.24568771258502,8.860974573092799,-0.022140221402214166,11,-0.023140221402214167,2,2.5
2421,1648,1662,2025-10-16,2025-11-06,141.17068749999999,145.97241156462584,9.066374179212508,0.03401360544217691,14,0.03301360544217691,1,1.5
2421,1673,1677,2025-11-21,2025-11-27,172.8620663265306,164.69913541666665,9.15618062130919,-0.047222222222222276,4,-0.04822222222222228,0,0.0
2436,546,560,2021-04-09,2021-04-29,54.982346928803764,73.16946321765771,8.823628282970704,0.3307810107197553,14,0.3297810107197553,2,2.5
2436,665,669,2021-09-29,2021-10-05,74.82180997469872,64.4513185578161,8.935754184939274,-0.13860252004581886,4,-0.13960252004581886,0,0.0
2436,697,708,2021-11-15,2021-11-30,89.99186766716342,80.30702857536393,9.10522371541502,-0.10761904761904761,11,-0.10861904761904762,2,2.5
2448,312,326,2020-04-23,2020-05-14,35.9,38.95,8.826311489794033,0.08495821727019504,14,0.08395821727019503,1,1.5
2449,502,507,2021-01-25,2021-02-01,31.193643255582607,27.289790404764762,8.655935812979292,-0.12514898688915366,5,-0.12614898688915366,1,1.5
2449,1068,1082,2023-05-30,2023-06-19,45.79445396376254,47.05485177927894,8.553269926863678,0.02752293577981657,14,0.02652293577981657,2,2.5
2449,1098,1112,2023-07-13,2023-08-02,52.97678904536792,54.935594690742874,9.116864083044224,0.03697478991596648,14,0.035974789915966476,2,2.5
2449,1162,1170,2023-10-17,2023-10-27,73.6332849420492,71.14025957520836,8.960480313337456,-0.033857315598548876,8,-0.03485731559854888,1,1.5
2449,1205,1208,2023-12-15,2023-12-20,84.05056951063415,76.12631030889004,9.197830038271306,-0.09427966101694918,3,-0.09527966101694918,2,2.5
2449,1254,1268,2024-03-06,2024-03-26,85.20804557381025,96.60473296508268,8.735718223224294,0.13375130616509923,14,0.13275130616509923,2,2.5
2449,1617,1631,2025-08-29,2025-09-18,145.1836956521739,157.99402173913043,8.806041739854535,0.08823529411764719,14,0.08723529411764719,2,2.5
2449,1657,1671,2025-10-30,2025-11-19,196.42499999999998,189.78260869565216,8.917312238026524,-0.033816425120772986,14,-0.03481642512077299,1,1.5
2449,1682,1691,2025-12-04,2025-12-17,213.5054347826087,206.38858695652172,8.956118747795545,-0.03333333333333344,9,-0.03433333333333344,1,1.5
2449,1702,1716,2026-01-05,2026-01-23,259.0532608695652,264.7467391304348,8.602957307894934,0.021978021978022122,14,0.02097802197802212,1,1.5
2449,1720,1726,2026-01-29,2026-02-06,298.90760869565213,271.8635869565217,8.950750622291231,-0.09047619047619038,6,-0.09147619047619038,2,2.5
2451,1706,1720,2026-01-09,2026-01-29,244.7739795918367,244.29403061224488,8.77665634581352,-0.0019607843137254832,14,-0.0029607843137254833,1,1.5
2454,336,350,2020-05-28,2020-06-17,324.03011556107543,353.8021133583537,8.641095931135487,0.09188034188034178,14,0.09088034188034178,2,2.5
2454,491,505,2021-01-08,2021-01-28,571.0812929826262,610.5634564480918,8.625082695930754,0.06913580246913575,14,0.06813580246913575,2,2.5
2454,730,736,2021-12-30,2022-01-10,880.0721374949652,792.0649237454686,8.735857518549826,-0.10000000000000009,6,-0.10100000000000009,2,2.5
2454,1156,1170,2023-10-05,2023-10-27,699.0556118337828,735.6600563870204,8.547465946871277,0.05236270753512118,14,0.05136270753512118,1,1.5
2454,1174,1188,2023-11-02,2023-11-22,770.4789182791246,828.5103547659647,8.988892940390592,0.07531865585168007,14,0.07431865585168007,1,1.5
2454,1213,1218,2023-12-27,2024-01-04,901.7192438724401,861.460932516508,8.52285522616664,-0.0446461707782152,5,-0.0456461707782152,2,2.5
2454,1249,1263,2024-02-27,2024-03-19,1031.0037756181612,1053.914970631898,8.550266674828835,0.022222222222222143,14,0.021222222222222142,2,2.5
2454,1311,1325,2024-05-29,2024-06-19,1200.5466187198144,1305.9381157830042,8.907984459984462,0.08778625954198471,14,0.08678625954198471,2,2.5
2454,1342,1344,2024-07-12,2024-07-16,1278.6259925423583,1269.2587691537694,8.640930902485746,-0.007326007326007411,2,-0.008326007326007412,2,2.5
2454,1720,1734,2026-01-29,2026-03-02,1769.4235636363633,1933.4431636363634,8.779775581975827,0.0926966292134832,14,0.0916966292134832,2,2.5
2454,1770,1784,2026-04-23,2026-05-14,2311.185272727272,3563.698581818181,8.551712872419344,0.5419354838709678,14,0.5409354838709678,2,2.5
2455,705,717,2021-11-25,2021-12-13,135.8946254026233,126.09239012767996,8.965783093494824,-0.07213114754098371,12,-0.07313114754098371,2,2.5
2455,1072,1086,2023-06-05,2023-06-27,107.29175799068697,115.96795480539457,8.58829644570671,0.08086545487921537,14,0.07986545487921537,2,2.5
2455,1111,1120,2023-08-01,2023-08-15,126.94434558944427,118.8313610968858,9.010748936070984,-0.06390977443609025,9,-0.06490977443609025,2,2.5
2455,1135,1149,2023-09-05,2023-09-25,142.693080192646,140.30690828307,8.63292343998668,-0.01672240802675573,14,-0.01772240802675573,1,1.5
2455,1178,1192,2023-11-08,2023-11-28,150.80606468520446,157.96458041393254,8.983829705994655,0.04746835443037978,14,0.04646835443037978,1,1.5
2455,1253,1265,2024-03-05,2024-03-21,176.09948692671028,165.1230961426606,8.502176048076448,-0.06233062330623307,12,-0.06333062330623307,2,2.5
2455,1711,1723,2026-01-16,2026-02-03,168.84916344916346,160.90332046332045,8.570238173276522,-0.04705882352941182,12,-0.04805882352941182,2,2.5
2455,1861,1862,2026-09-02,2026-09-03,515.0,525.0,9.175449134199136,0.01941747572815533,1,0.01841747572815533,1,1.5
2457,730,738,2021-12-30,2022-01-12,49.57618296529969,45.29902208201893,8.62898821264206,-0.0862745098039216,8,-0.0872745098039216,2,2.5
2457,1022,1036,2023-03-21,2023-04-13,58.81096214511041,64.83787066246057,8.984707332221896,0.10247933884297544,14,0.10147933884297544,2,2.5
2458,319,327,2020-05-05,2020-05-15,63.263170809675074,60.64582469141405,8.52114685597864,-0.04137235116044402,8,-0.04237235116044402,2,2.5
2458,339,353,2020-06-02,2020-06-22,70.8598583236522,85.12891650598073,9.229724393825153,0.2013701201201199,14,0.2003701201201199,2,2.5
2458,375,387,2020-07-24,2020-08-11,100.94337925610363,96.90564408585949,9.015794820524398,-0.039999999999999925,12,-0.040999999999999925,2,2.5
2458,404,418,2020-09-03,2020-09-23,106.66350408061618,104.30815856464042,8.879022673127556,-0.02208201892744488,14,-0.02308201892744488,2,2.5
2458,499,507,2021-01-20,2021-02-01,115.7484082136655,107.33645994232353,8.585932385451065,-0.07267441860465118,8,-0.07367441860465118,1,1.5
2458,1166,1176,2023-10-23,2023-11-06,121.96815641314235,116.40469664692884,9.006249945798013,-0.04561403508771933,10,-0.04661403508771933,0,0.0
2458,1203,1217,2023-12-13,2024-01-03,136.51874349400845,135.66282660689868,8.865786070780398,-0.006269592476489061,14,-0.007269592476489061,2,2.5
2467,1333,1347,2024-07-01,2024-07-19,152.02539004205673,197.58504951838287,9.01914957761126,0.2996845425867507,14,0.2986845425867507,2,2.5
2467,1725,1739,2026-02-05,2026-03-09,270.43333333333334,350.6717948717949,8.890618719029316,0.29670329670329676,14,0.29570329670329676,1,1.5
2467,1752,1766,2026-03-26,2026-04-17,401.1923076923077,502.23333333333335,9.014396011063068,0.251851851851852,14,0.250851851851852,1,1.5
2472,1792,1806,2026-05-26,2026-06-15,276.30448717948724,387.6143162393163,9.116811564619983,0.4028520499108732,14,0.4018520499108732,2,2.5
2472,1810,1813,2026-06-22,2026-06-25,423.0758547008548,373.33119658119665,8.668657817109146,-0.1175785797438883,3,-0.1185785797438883,2,2.5
2474,887,896,2022-08-25,2022-09-07,135.86748005544797,130.9074614338281,8.557609921773667,-0.036506297309670144,9,-0.037506297309670145,2,2.5
2474,926,928,2022-10-21,2022-10-25,136.461111312839,130.11408287968368,8.744326778006055,-0.04651162790697683,2,-0.04751162790697683,0,0.0
2481,454,468,2020-11-17,2020-12-07,35.118046360745794,37.63246495459394,8.852937198576829,0.07159904534606198,14,0.07059904534606198,2,2.5
2481,482,496,2020-12-25,2021-01-15,43.24799981418814,45.17572073613839,8.727548921495494,0.04457364341085279,14,0.04357364341085279,2,2.5
2481,555,562,2021-04-22,2021-05-04,52.55134861142629,46.51674398619073,8.70726920478904,-0.11483253588516751,7,-0.11583253588516751,2,2.5
2481,598,612,2021-06-24,2021-07-14,62.94427879933196,93.03348797238147,8.574118566003179,0.47802929427430096,14,0.47702929427430096,2,2.5
2481,1648,1660,2025-10-16,2025-11-04,85.2376,78.6582,9.52974238422144,-0.07718894009216593,12,-0.07818894009216593,1,1.5
2481,1767,1774,2026-04-20,2026-04-29,115.0,99.0,8.791345119800404,-0.13913043478260867,7,-0.14013043478260867,2,2.5
2481,1787,1801,2026-05-19,2026-06-08,130.0,148.5,9.082758450966125,0.14230769230769225,14,0.14130769230769225,1,1.5
2486,616,630,2021-07-20,2021-08-09,55.14634533131942,58.954962707061625,8.676437147757904,0.06906382196063987,14,0.06806382196063987,2,2.5
2486,1719,1733,2026-01-28,2026-02-26,127.26476014760149,142.73616236162363,8.735410497115517,0.1215686274509804,14,0.1205686274509804,2,2.5
2486,1761,1775,2026-04-10,2026-04-30,180.16697416974174,257.52398523985244,8.927253559061178,0.4293628808864265,14,0.4283628808864265,1,1.5
2486,1778,1786,2026-05-06,2026-05-18,301.9418819188192,238.55904059040594,8.616265282577322,-0.2099173553719007,8,-0.2109173553719007,2,2.5
2492,515,524,2021-02-22,2021-03-08,229.35453443047956,215.31242007759306,8.53964112477815,-0.061224489795918324,9,-0.062224489795918325,2,2.5
2492,1175,1189,2023-11-03,2023-11-23,116.50430029979299,114.13632671646386,8.91179540313539,-0.020325203252032575,14,-0.021325203252032576,1,1.5
2492,1194,1207,2023-11-30,2023-12-19,132.60652066643104,121.71384218311707,9.28897338403042,-0.08214285714285707,13,-0.08314285714285707,2,2.5
2492,1656,1661,2025-10-29,2025-11-05,140.75070675105485,112.60056540084389,8.61464635536076,-0.19999999999999996,5,-0.20099999999999996,1,1.5
2492,1713,1722,2026-01-20,2026-02-02,145.2268776371308,131.30101265822785,8.581552245250432,-0.09589041095890405,9,-0.09689041095890405,2,2.5
2492,1782,1796,2026-05-12,2026-06-01,174.0733122362869,405.8394936708861,8.572279514192342,1.3314285714285718,14,1.330428571428572,2,2.5
2492,1808,1822,2026-06-17,2026-07-08,484.9185126582278,507.2993670886076,9.039461883408073,0.04615384615384621,14,0.04515384615384621,2,2.5
2498,1472,1475,2025-01-22,2025-02-05,57.6717672413793,47.38383620689655,8.76867907056187,-0.17838765008576318,3,-0.17938765008576318,1,1.5
2504,254,258,2020-01-20,2020-02-04,10.486374937856011,9.29172462848001,9.02329274058134,-0.11392405063291144,4,-0.11492405063291145,2,2.5
2520,1347,1356,2024-07-19,2024-08-05,53.23713660636717,42.95847784049246,9.176760230682472,-0.1930730956075759,9,-0.1940730956075759,2,2.5
2542,1347,1356,2024-07-19,2024-08-05,54.20115754189946,47.40554413407823,8.675721703514219,-0.12537764350453184,9,-0.12637764350453184,2,2.5
2543,1399,1413,2024-10-08,2024-10-29,57.176107846583804,74.95811197507388,9.075415525707216,0.3110041029061148,14,0.3100041029061148,1,1.5
2548,1350,1357,2024-07-26,2024-08-06,128.76039620050784,119.10336648546976,8.524049634485898,-0.07499999999999996,7,-0.07599999999999996,1,1.5
2603,392,406,2020-08-18,2020-09-07,5.231374790140672,6.586386621029567,8.856143949617636,0.25901639344262306,14,0.25801639344262306,2,2.5
2603,456,470,2020-11-19,2020-12-09,7.666965676042231,9.433626670745474,8.803493156069566,0.23042505592841156,14,0.22942505592841156,2,2.5
2603,474,488,2020-12-15,2021-01-05,10.188316804405112,15.43684364303805,8.714006937746108,0.5151515151515151,14,0.5141515151515151,2,2.5
2603,535,549,2021-03-23,2021-04-14,16.0886214857441,20.102200832933992,8.825079702572957,0.24946695095948823,14,0.24846695095948823,2,2.5
2603,1203,1217,2023-12-13,2024-01-03,99.07030713480796,118.19584905272455,8.842230724372286,0.1930501930501931,14,0.1920501930501931,2,2.5
2603,1251,1262,2024-03-01,2024-03-18,126.61108749660785,127.75862001168285,8.507623167238116,0.009063444108761365,11,0.008063444108761364,2,2.5
2603,1300,1314,2024-05-14,2024-06-03,157.59446540363274,165.6271930091577,8.932639603149319,0.050970873786407855,14,0.049970873786407854,2,2.5
2603,1416,1430,2024-11-04,2024-11-22,172.30399286151243,189.6149080321784,9.019238429157364,0.10046728971962615,14,0.09946728971962615,1,1.5
2603,1542,1556,2025-05-15,2025-06-05,198.06907590622455,201.28971128681357,8.999874808001264,0.016260162601626105,14,0.015260162601626104,1,1.5
2603,1854,1862,2026-08-24,2026-09-03,254.0,239.0,8.947877895697822,-0.05905511811023623,8,-0.06005511811023623,1,1.5
2605,597,611,2021-06-23,2021-07-13,32.82587334254689,38.8727447477529,8.642702482702482,0.18421052631578938,14,0.18321052631578938,1,1.5
2605,1198,1212,2023-12-06,2023-12-26,24.874618197920597,22.875764949873407,8.50262906436629,-0.0803571428571428,14,-0.0813571428571428,2,2.5
2606,597,610,2021-06-23,2021-07-12,58.877609345415294,55.44494771057486,8.718865262294866,-0.0583016476552598,13,-0.059301647655259804,1,1.5
2606,1197,1211,2023-12-05,2023-12-25,50.36243208560782,46.541833789458266,8.65286388749767,-0.07586206896551717,14,-0.07686206896551717,2,2.5
2606,1485,1499,2025-02-19,2025-03-12,63.85409519725558,67.47702258433391,8.796935553067822,0.05673758865248213,14,0.05573758865248213,2,2.5
2609,449,463,2020-11-10,2020-11-30,6.6929949865997616,6.456493396967261,8.730205594074167,-0.035335689045936425,14,-0.036335689045936426,2,2.5
2609,474,488,2020-12-15,2021-01-05,7.260598801717762,14.946900464774027,9.131740985083328,1.0586319218241043,14,1.0576319218241044,2,2.5
2609,546,560,2021-04-09,2021-04-29,20.339136708395035,36.37394448547856,8.512448925039141,0.7883720930232556,14,0.7873720930232556,2,2.5
2609,591,605,2021-06-15,2021-07-05,56.050876742902595,93.65462949447016,8.658273107645494,0.6708860759493671,14,0.6698860759493671,1,1.5
2609,1220,1223,2024-01-08,2024-01-11,48.24696170508933,41.11008415182785,8.871405865872184,-0.14792387543252594,3,-0.14892387543252594,2,2.5
2609,1299,1313,2024-05-13,2024-05-31,54.75779736771384,67.0282184241985,8.946788726993866,0.22408536585365857,14,0.22308536585365857,2,2.5
2609,1318,1320,2024-06-07,2024-06-12,69.03155247423682,62.01988329910272,9.136972800391895,-0.10157194679564696,2,-0.10257194679564696,2,2.5
2609,1544,1556,2025-05-19,2025-06-05,72.42970148468666,67.612524188793,8.646139445718983,-0.06650831353919251,12,-0.06750831353919251,1,1.5
2610,476,489,2020-12-17,2021-01-06,10.12717739438628,9.616563408114704,8.856615994065677,-0.05042016806722671,13,-0.05142016806722671,2,2.5
2610,519,533,2021-02-26,2021-03-19,11.148405366929435,12.55259382917627,9.214914755304797,0.12595419847328237,14,0.12495419847328237,2,2.5
2610,548,562,2021-04-13,2021-05-04,14.595049774262579,16.97791504352994,8.81950518170889,0.16326530612244916,14,0.16226530612244916,2,2.5
2610,700,708,2021-11-18,2021-11-30,24.46692017551307,22.467015395949392,9.324939398311194,-0.08173913043478265,8,-0.08273913043478265,2,2.5
2610,758,769,2022-02-18,2022-03-08,26.381722624031486,21.44578742340624,9.304874738692922,-0.1870967741935483,11,-0.1880967741935483,1,1.5
2610,1429,1443,2024-11-21,2024-12-11,22.374296606000982,24.36621121067602,8.727433291692689,0.08902691511387184,14,0.08802691511387184,1,1.5
2615,445,459,2020-11-04,2020-11-24,17.190822633478756,23.14265401976226,8.959425346033042,0.34622144112478015,14,0.34522144112478015,1,1.5
2615,461,475,2020-11-26,2020-12-16,25.076243911752847,24.834545175254025,8.7318670644557,-0.009638554216867434,14,-0.010638554216867435,2,2.5
2615,478,492,2020-12-21,2021-01-11,26.435799304558724,29.36639648460695,8.98972146308648,0.11085714285714277,14,0.10985714285714276,2,2.5
2615,562,570,2021-05-04,2021-05-14,60.00171133583271,49.60866566638334,8.510686175184508,-0.17321248741188322,8,-0.17421248741188322,2,2.5
2615,575,589,2021-05-21,2021-06-10,66.46715253717622,97.88798828202316,8.602495703125875,0.47272727272727266,14,0.47172727272727266,0,0.0
2615,593,607,2021-06-17,2021-07-07,127.1939600825054,178.85706500912872,8.599716863910325,0.40617577197149624,14,0.40517577197149623,2,2.5
2615,1299,1313,2024-05-13,2024-05-31,62.94933691600935,81.83413799081215,8.611612346625769,0.30000000000000004,14,0.29900000000000004,2,2.5
2615,1317,1331,2024-06-06,2024-06-27,85.02722029814596,82.9686476905432,8.853774665961486,-0.024210748044972363,14,-0.025210748044972364,2,2.5
2615,1393,1399,2024-09-26,2024-10-08,93.37456990928993,80.3671671358565,9.262693259248437,-0.1393034825870647,6,-0.1403034825870647,1,1.5
2615,1545,1557,2025-05-20,2025-06-06,102.20102179126262,97.55552080075068,8.791596346060219,-0.045454545454545414,12,-0.046454545454545415,1,1.5
2618,520,534,2021-03-02,2021-03-22,13.189681704081623,13.107758215236395,8.522864453768824,-0.006211180124223725,14,-0.007211180124223725,2,2.5
2618,555,563,2021-04-22,2021-05-05,15.770271602706288,13.763146125998215,8.691607616428497,-0.1272727272727272,8,-0.1282727272727272,2,2.5
2618,705,708,2021-11-25,2021-11-30,23.59396478742551,20.480872211306867,8.533547445677302,-0.13194444444444442,3,-0.13294444444444442,2,2.5
2618,716,719,2021-12-10,2021-12-15,24.37223793145517,21.709724543985278,9.131378558408262,-0.10924369747899165,3,-0.11024369747899165,2,2.5
2618,754,768,2022-02-14,2022-03-07,24.290314442609944,25.805898986246653,9.07482908200604,0.062394603709949426,14,0.061394603709949425,1,1.5
2618,810,813,2022-05-09,2022-05-12,29.451494239859276,28.222641907180865,8.808313368050513,-0.041724617524339314,3,-0.042724617524339314,0,0.0
2618,1071,1085,2023-06-02,2023-06-26,30.37180885584198,33.71396113709007,8.743061048902014,0.11004126547455306,14,0.10904126547455306,2,2.5
2618,1423,1437,2024-11-13,2024-12-03,35.476608942879295,39.06010479569539,8.62377292325994,0.101010101010101,14,0.100010101010101,0,0.0
2618,1461,1474,2025-01-07,2025-02-04,42.55401325219107,41.83731408162786,8.979585732105164,-0.01684210526315766,13,-0.01784210526315766,1,1.5
2634,839,842,2022-06-20,2022-06-23,34.47738179459764,28.430301741618468,9.646405302015058,-0.17539267015706816,3,-0.17639267015706817,0,0.0
2634,1026,1040,2023-03-27,2023-04-19,39.117945005578996,51.70133990247853,8.68411525957032,0.32167832167832167,14,0.32067832167832167,2,2.5
2634,1047,1054,2023-04-28,2023-05-10,53.16028423835094,50.151211545614096,8.505826951852832,-0.05660377358490565,7,-0.05760377358490565,2,2.5
2634,1084,1095,2023-06-21,2023-07-10,61.09329406465717,54.34567651124728,8.955237621356957,-0.11044776119402988,11,-0.11144776119402988,2,2.5
2634,1621,1635,2025-09-04,2025-09-24,68.67041095890411,61.6652397260274,8.672408432147563,-0.10201149425287359,14,-0.10301149425287359,2,2.5
2636,585,599,2021-06-04,2021-06-25,80.33655868500567,130.85121300966833,8.757687492887221,0.6287878787878789,14,0.6277878787878789,1,1.5
2636,603,613,2021-07-01,2021-07-15,167.97644088683003,149.10952180171506,8.947576433516904,-0.1123188405797102,10,-0.1133188405797102,2,2.5
2637,567,569,2021-05-11,2021-05-13,50.81601681836666,40.65281345469333,8.912291628058052,-0.19999999999999996,2,-0.20099999999999996,1,1.5
2637,603,611,2021-07-01,2021-07-13,80.10580429006411,69.02508951161471,9.285831967404231,-0.13832599118942746,8,-0.13932599118942746,2,2.5
2637,1494,1501,2025-03-05,2025-03-14,77.67752667981392,68.92886326536389,8.877017762592507,-0.11262798634812288,7,-0.11362798634812288,2,2.5
2645,1604,1618,2025-08-12,2025-09-01,162.54166666666666,180.16666666666666,8.853175143143266,0.10843373493975905,14,0.10743373493975905,2,2.5
2707,956,970,2022-12-02,2022-12-22,205.0242615659332,208.26575186737088,8.665605489932844,0.015810276679842028,14,0.014810276679842027,2,2.5
2707,975,978,2022-12-29,2023-01-04,218.39540905936363,197.73090838769843,8.62043813073162,-0.09461966604823746,3,-0.09561966604823746,2,2.5
2707,1006,1016,2023-02-23,2023-03-13,245.9480766215839,221.6368993608013,8.677659631169385,-0.098846787479407,10,-0.099846787479407,2,2.5
2727,1000,1014,2023-02-15,2023-03-09,160.09075102669064,204.9897662571648,8.711985061673298,0.2804597701149425,14,0.2794597701149425,2,2.5
2727,1029,1035,2023-03-30,2023-04-12,235.9038423174913,214.19038413226198,9.21469477987361,-0.09204368174726996,6,-0.09304368174726996,2,2.5
2727,1041,1043,2023-04-20,2023-04-24,257.6173005027206,224.1270514373669,8.827707204815013,-0.13,2,-0.131,2,2.5
2727,1072,1082,2023-06-05,2023-06-19,269.394091382845,249.52075677263508,9.042991418589853,-0.07377049180327877,10,-0.07477049180327877,2,2.5
2731,1001,1014,2023-02-16,2023-03-09,111.11842117068618,103.99006962388744,9.443813346813954,-0.0641509433962264,13,-0.0651509433962264,2,2.5
2731,1028,1042,2023-03-29,2023-04-21,117.40814312374388,145.5022345140683,9.161811647122194,0.23928571428571432,14,0.23828571428571432,2,2.5
2748,1006,1015,2023-02-23,2023-03-10,94.7377206918299,75.79017655346392,8.885500835021144,-0.20000000000000007,9,-0.20100000000000007,2,2.5
2801,1564,1569,2025-06-17,2025-06-24,16.219827346143134,16.263664717348927,8.744449914735371,0.002702702702702675,5,0.001702702702702675,2,2.5
2834,759,769,2022-02-21,2022-03-08,8.117752267819276,7.520341927763311,8.886867273659728,-0.07359307359307365,10,-0.07459307359307366,2,2.5
2834,779,793,2022-03-22,2022-04-13,8.46917011491102,9.663990795022947,8.885820319759421,0.1410788381742738,14,0.1400788381742738,1,1.5
2834,986,994,2023-01-16,2023-02-07,9.81470347003091,9.851462659057244,8.576760732753208,0.0037453183520599342,8,0.0027453183520599342,2,2.5
2880,1509,1513,2025-03-26,2025-04-01,25.680215194964973,25.362053236797262,8.54825099644659,-0.012389380530973604,4,-0.013389380530973605,1,1.5
2880,1590,1604,2025-07-23,2025-08-12,26.316539111300386,26.634701069468097,8.613307324057127,0.012089810017271274,14,0.011089810017271273,2,2.5
2880,1836,1848,2026-07-29,2026-08-14,39.75170138888888,39.0,8.64027840980934,-0.018909917377750052,12,-0.019909917377750053,0,0.0
2881,564,572,2021-05-06,2021-05-18,42.339264477377206,40.174188452965865,8.838303583100664,-0.05113636363636376,8,-0.05213636363636376,2,2.5
2881,614,625,2021-07-16,2021-08-02,47.75195453840554,46.75596089302932,8.781333134370428,-0.020857651901456165,11,-0.021857651901456165,2,2.5
2881,647,661,2021-09-01,2021-09-23,52.74072388733707,54.022032006786866,8.513203125,0.02429447351133973,14,0.02329447351133973,1,1.5
2881,740,746,2022-01-14,2022-01-24,56.238320499372996,52.84462874510048,8.667794393134198,-0.06034482758620707,6,-0.061344827586207074,1,1.5
2881,1342,1349,2024-07-12,2024-07-23,77.28277372284555,71.71499494471988,8.721642913142704,-0.07204424103737594,7,-0.07304424103737595,2,2.5
2881,1364,1378,2024-08-15,2024-09-04,77.35646057803514,76.9290768179355,8.512555668537535,-0.0055248618784530246,14,-0.006524861878453025,0,0.0
2881,1380,1382,2024-09-06,2024-09-10,78.80956536237392,77.90814416710235,8.51635063686614,-0.011437966839770608,2,-0.012437966839770609,0,0.0
2881,1391,1405,2024-09-24,2024-10-17,82.48569641655192,80.95984566673539,8.526306530747135,-0.018498367791077386,14,-0.019498367791077387,1,1.5
2881,1412,1415,2024-10-28,2024-11-01,82.7549641959313,78.53643565232092,8.606177001785476,-0.05097613882863339,3,-0.05197613882863339,1,1.5
2881,1479,1487,2025-02-11,2025-02-21,84.01154716636843,82.5754523430117,8.534532056503938,-0.017094017094017144,8,-0.018094017094017145,1,1.5
2881,1678,1692,2025-11-28,2025-12-18,90.14131274131275,94.3969111969112,8.566899546405208,0.047210300429184615,14,0.046210300429184614,1,1.5
2881,1805,1818,2026-06-12,2026-07-02,122.83204633204635,122.0,8.591171534071837,-0.0067738538670690795,13,-0.00777385386706908,2,2.5
2881,1860,1862,2026-09-01,2026-09-03,143.5,147.0,8.872513910994929,0.024390243902439046,2,0.023390243902439045,1,1.5
2882,567,569,2021-05-11,2021-05-13,44.08615586175937,38.101952574682066,8.591685415242285,-0.13573883161512035,2,-0.13673883161512035,1,1.5
2882,646,660,2021-08-31,2021-09-22,46.86227995247283,45.2027388411711,8.675274840112028,-0.03541315345699825,14,-0.03641315345699825,1,1.5
2882,740,748,2022-01-14,2022-01-26,52.947264027245865,49.78623333905208,8.664993198616363,-0.05970149253731338,8,-0.060701492537313384,1,1.5
2882,751,755,2022-02-09,2022-02-15,52.473109424016805,51.05064561432959,8.586825067433558,-0.027108433734939985,4,-0.028108433734939986,1,1.5
2882,1340,1349,2024-07-10,2024-07-23,57.325844294347675,55.952221827230716,8.58684609759419,-0.02396166134185307,9,-0.02496166134185307,2,2.5
2882,1392,1406,2024-09-25,2024-10-18,61.35513686455741,63.00348382509776,8.679969344406611,0.02686567164179099,14,0.025865671641790988,1,1.5
2882,1412,1422,2024-10-28,2024-11-12,63.0950586562389,62.087735513686454,8.728653535877593,-0.01596516690856331,10,-0.01696516690856331,1,1.5
2882,1445,1450,2024-12-13,2024-12-20,63.461357980803406,61.53828652683968,8.538849303849304,-0.030303030303030165,5,-0.031303030303030166,0,0.0
2882,1561,1574,2025-06-12,2025-07-01,61.44671169569854,60.63448275862069,9.077307613980084,-0.013218428043802133,13,-0.014218428043802134,1,1.5
2882,1861,1862,2026-09-02,2026-09-03,109.5,112.5,8.591974302293453,0.027397260273972712,1,0.02639726027397271,1,1.5
2883,558,569,2021-04-27,2021-05-13,10.466608462555401,9.373082205273493,8.593050897231798,-0.10447761194029859,11,-0.10547761194029859,2,2.5
2883,633,637,2021-08-12,2021-08-18,11.33686353679196,10.971158261411574,8.592033437526428,-0.032258064516129004,4,-0.033258064516129004,1,1.5
2883,659,666,2021-09-17,2021-09-30,11.783836651145766,11.458765295252089,8.872106122803874,-0.02758620689655178,7,-0.02858620689655178,0,0.0
2883,697,711,2021-11-15,2021-12-03,12.637148960366666,13.206023833180598,8.732043775766076,0.045016077170418,14,0.044016077170418,2,2.5
2883,730,744,2021-12-30,2022-01-20,14.262505739835047,15.318987646489497,8.504541185310417,0.07407407407407418,14,0.07307407407407418,2,2.5
2883,750,763,2022-02-08,2022-02-25,15.522157243923044,15.400255485462914,9.010313815760576,-0.007853403141361293,13,-0.008853403141361293,1,1.5
2883,781,795,2022-03-24,2022-04-15,15.359621565976203,15.481523324436333,8.79526197734603,0.007936507936507908,14,0.006936507936507908,1,1.5
2883,1336,1349,2024-07-04,2024-07-23,14.800793623678326,14.12185813635363,8.51119705742488,-0.04587155963302758,13,-0.04687155963302758,2,2.5
2883,1402,1414,2024-10-14,2024-10-30,15.343942013538078,15.0723678186082,8.585664372749536,-0.017699115044247815,12,-0.018699115044247816,1,1.5
2883,1437,1450,2024-12-03,2024-12-20,15.93235276921948,15.751303305932893,8.538380316450532,-0.011363636363636576,13,-0.012363636363636576,1,1.5
2883,1453,1455,2024-12-25,2024-12-27,16.15866459832771,15.887090403397835,8.506601774412356,-0.01680672268907557,2,-0.01780672268907557,1,1.5
2883,1495,1502,2025-03-06,2025-03-17,16.520763524900882,16.520763524900882,8.505586986475238,0.0,7,-0.001,2,2.5
2883,1727,1740,2026-02-09,2026-03-10,17.924367622259698,19.373777403035415,8.540721355835647,0.08086253369272245,13,0.07986253369272245,1,1.5
2883,1800,1814,2026-06-05,2026-06-26,26.379258010118047,29.42301854974705,8.673465567017995,0.1153846153846152,14,0.1143846153846152,2,2.5
2883,1857,1862,2026-08-27,2026-09-03,32.75,35.9,8.650848399581937,0.09618320610687014,5,0.09518320610687014,1,1.5
2884,251,256,2020-01-15,2020-01-31,17.8096150828899,17.375989672176058,8.521242663484143,-0.024347826086956514,5,-0.025347826086956515,2,2.5
2884,262,276,2020-02-10,2020-03-02,17.65474886477781,17.65474886477781,8.775106936117847,0.0,14,-0.001,0,0.0
2884,280,282,2020-03-06,2020-03-10,18.150320762736488,17.00431074870705,8.519817931150282,-0.0631399317406145,2,-0.0641399317406145,0,0.0
2884,739,753,2022-01-13,2022-02-11,21.970619113691292,22.492840960196688,8.590185375291192,0.02376910016977929,14,0.02276910016977929,1,1.5
2884,757,763,2022-02-17,2022-02-25,23.089665927631426,22.082523795085308,8.615915155905004,-0.043618739903069415,6,-0.044618739903069415,1,1.5
2884,780,794,2022-03-23,2022-04-14,23.462681532278136,26.334901688057812,8.535935759089316,0.12241653418123999,14,0.12141653418123999,1,1.5
2884,1506,1513,2025-03-21,2025-04-01,27.401633565044676,26.393546711481164,8.612746338132386,-0.03678929765886274,7,-0.03778929765886274,1,1.5
2884,1550,1564,2025-05-27,2025-06-17,27.53909995416698,29.142874493927117,8.576010453347507,0.05823627287853572,14,0.05723627287853572,1,1.5
2884,1567,1581,2025-06-20,2025-07-10,29.326163012756847,31.20487033076158,8.56255198247439,0.06406249999999991,14,0.06306249999999991,1,1.5
2884,1587,1593,2025-07-18,2025-07-28,32.30460144373996,31.22721335268504,8.750482557266597,-0.03335091729675865,6,-0.034350917296758654,2,2.5
2885,1438,1451,2024-12-04,2024-12-23,30.163988996904493,29.428281948199505,8.747916306948522,-0.024390243902439046,13,-0.025390243902439047,1,1.5
2885,1462,1465,2025-01-08,2025-01-13,30.640034734301835,29.687943259507144,8.645381191509223,-0.031073446327683718,3,-0.03207344632768372,1,1.5
2885,1480,1494,2025-02-12,2025-03-05,30.98624981604536,31.289188012570943,8.509748122248123,0.009776536312849249,14,0.008776536312849248,1,1.5
2885,1673,1687,2025-11-21,2025-12-11,33.29633340471641,35.30438717246228,9.028555777534319,0.06030855539971958,14,0.059308555399719576,0,0.0
2885,1734,1740,2026-03-02,2026-03-10,44.830967838047336,42.355924821988474,8.869802805815612,-0.055208333333333304,6,-0.056208333333333305,2,2.5
2885,1761,1775,2026-04-10,2026-04-30,45.11116138703513,47.91309687691309,8.546825774449184,0.06211180124223592,14,0.06111180124223592,1,1.5
2885,1823,1826,2026-07-09,2026-07-15,67.1530539074084,63.136946371916665,8.622536981135646,-0.05980528511821981,3,-0.06080528511821981,2,2.5
2885,1839,1851,2026-08-03,2026-08-19,64.99695461200587,63.9,8.981265847196845,-0.01687701552409726,12,-0.01787701552409726,0,0.0
2886,271,276,2020-02-21,2020-03-02,23.61653974737773,22.279090402518783,8.641556115781146,-0.05663189269746638,5,-0.05763189269746638,1,1.5
2886,739,753,2022-01-13,2022-02-11,28.869814443037136,30.040212325862967,8.553682170542636,0.04054054054054057,14,0.03954054054054057,1,1.5
2886,758,761,2022-02-18,2022-02-23,29.72810622377608,29.33797359616747,8.554938501480002,-0.013123359580052507,3,-0.014123359580052508,1,1.5
2886,776,790,2022-03-17,2022-04-08,31.52271631077568,34.44871101784026,8.730483870967742,0.09282178217821802,14,0.09182178217821801,1,1.5
2886,1582,1596,2025-07-11,2025-07-31,39.21617520653264,39.44822358053579,9.12235601171463,0.00591715976331364,14,0.00491715976331364,1,1.5
2886,1837,1846,2026-07-30,2026-08-12,48.299691991786446,47.624845995893224,8.58916205486394,-0.013972055888223478,9,-0.014972055888223479,0,0.0
2887,750,756,2022-02-08,2022-02-16,14.651802673149126,14.724516334058055,8.781364673455942,0.00496277915632759,6,0.00396277915632759,1,1.5
2887,793,795,2022-04-13,2022-04-15,15.015370977693768,14.615445842694664,8.545122336551692,-0.02663438256658579,2,-0.02763438256658579,1,1.5
2887,1648,1658,2025-10-16,2025-10-31,19.14136557610242,18.27567567567568,8.594994512786396,-0.045226130653266194,10,-0.046226130653266195,1,1.5
2887,1692,1706,2025-12-18,2026-01-09,20.824651493598864,19.958961593172123,8.663675442466777,-0.04157043879907618,14,-0.04257043879907618,1,1.5
2887,1803,1817,2026-06-10,2026-07-01,28.375391180654344,32.22290184921764,8.55318390339811,0.1355932203389829,14,0.1345932203389829,2,2.5
2887,1849,1862,2026-08-17,2026-09-03,37.7,41.45,8.849400960895213,0.09946949602122013,13,0.09846949602122013,1,1.5
2888,701,711,2021-11-19,2021-12-03,10.627456697340811,9.792110756065117,8.80477738143708,-0.07860262008733598,10,-0.07960262008733598,2,2.5
2888,739,747,2022-01-13,2022-01-25,10.627456697340811,10.256191834551615,8.651026966143245,-0.034934497816593746,8,-0.03593449781659375,1,1.5
2888,1343,1349,2024-07-15,2024-07-23,12.0,10.65,8.939270829939119,-0.11249999999999993,6,-0.11349999999999993,2,2.5
2890,786,797,2022-03-31,2022-04-19,13.713149198914392,13.638213957390267,9.086841704559497,-0.005464480874317168,11,-0.006464480874317168,1,1.5
2890,896,905,2022-09-07,2022-09-21,13.913633443422444,13.87399346210215,8.575221807707337,-0.002849002849003024,9,-0.003849002849003024,1,1.5
2890,1675,1689,2025-11-25,2025-12-15,25.93425742574258,26.26797029702971,8.591656642974304,0.012867647058823595,14,0.011867647058823594,0,0.0
2890,1696,1708,2025-12-24,2026-01-13,27.60282178217822,27.459801980198026,8.77769759279359,-0.005181347150258975,12,-0.006181347150258975,1,1.5
2890,1732,1745,2026-02-25,2026-03-17,31.178316831683176,30.03415841584159,8.570311215333176,-0.03669724770642213,13,-0.03769724770642213,2,2.5
2890,1812,1826,2026-06-24,2026-07-15,37.757227722772285,37.94792079207921,8.544839328666793,0.005050505050504972,14,0.004050505050504972,2,2.5
2890,1835,1843,2026-07-28,2026-08-07,39.0,39.05,8.623923179526855,0.0012820512820512775,8,0.0002820512820512775,0,0.0
2891,714,728,2021-12-08,2021-12-28,20.638792735270666,20.4800327911532,8.518661842266651,-0.007692307692307665,14,-0.008692307692307666,2,2.5
2891,738,752,2022-01-12,2022-02-10,21.51197242791673,22.940811924973932,8.85050432548827,0.06642066420664205,14,0.06542066420664205,1,1.5
2891,781,795,2022-03-24,2022-04-15,23.0995718690914,23.0995718690914,8.74167690219148,0.0,14,-0.001,1,1.5
2891,1260,1274,2024-03-14,2024-04-03,27.909831367936704,27.8662222564243,8.52667425597635,-0.0015625000000000222,14,-0.0025625000000000222,2,2.5
2891,1293,1307,2024-05-03,2024-05-23,29.959459609019557,32.61961541127602,8.572980875923472,0.08879184861717615,14,0.08779184861717615,2,2.5
2891,1448,1451,2024-12-18,2024-12-23,36.258153387393286,35.43618013679746,8.542940268950908,-0.02267002518891703,3,-0.023670025188917032,0,0.0
2891,1479,1493,2025-02-11,2025-03-04,36.71480519327985,37.03446145740044,8.604124725540673,0.008706467661691253,14,0.007706467661691253,1,1.5
2891,1500,1502,2025-03-13,2025-03-17,36.85180073504582,36.48647929033657,8.502054351741425,-0.009913258983890949,2,-0.01091325898389095,1,1.5
2891,1549,1553,2025-05-26,2025-06-02,38.952399042124014,37.03446145740044,8.679414693068527,-0.049237983587338774,4,-0.050237983587338775,1,1.5
2891,1758,1764,2026-04-07,2026-04-15,52.253762517882684,51.3860801144492,8.579300103956644,-0.016605166051660625,6,-0.017605166051660626,1,1.5
2892,786,797,2022-03-31,2022-04-19,21.390215364704865,21.31382173840235,8.594333912819522,-0.0035714285714284477,11,-0.004571428571428448,1,1.5
2892,1567,1581,2025-06-20,2025-07-10,25.940757877106662,26.577899298649633,8.7555742069306,0.024561403508772006,14,0.023561403508772005,1,1.5
2892,1838,1846,2026-07-31,2026-08-12,34.22768240343346,32.7,8.791886816745318,-0.04463294900972359,8,-0.04563294900972359,0,0.0
2912,865,869,2022-07-26,2022-08-01,250.8211597856449,238.5962629221429,8.792575096712545,-0.048739495798319266,4,-0.049739495798319266,0,0.0
3005,1188,1202,2023-11-22,2023-12-12,96.50345833644847,90.41765465757334,8.760258001703786,-0.0630630630630632,14,-0.0640630630630632,2,2.5
3005,1234,1237,2024-01-26,2024-01-31,97.37285886200206,90.41765465757334,8.638029399176974,-0.07142857142857151,3,-0.07242857142857151,1,1.5
3005,1252,1266,2024-03-04,2024-03-22,109.54446621975232,130.41007883303848,8.549261074598048,0.19047619047619047,14,0.18947619047619046,2,2.5
3005,1615,1629,2025-08-27,2025-09-16,139.61397637795272,150.02586614173225,8.646230213879134,0.07457627118644061,14,0.07357627118644061,2,2.5
3006,469,483,2020-12-08,2020-12-28,50.195699651287505,53.781106769236615,9.132043219501785,0.0714285714285714,14,0.0704285714285714,2,2.5
3006,487,500,2021-01-04,2021-01-21,56.42747868962762,53.781106769236615,8.684913899078257,-0.04689863842662623,13,-0.04789863842662623,2,2.5
3006,515,529,2021-02-22,2021-03-15,68.12273524103304,73.75694642638165,9.0303941770274,0.0827067669172934,14,0.0817067669172934,2,2.5
3006,541,555,2021-03-31,2021-04-22,88.35467540660301,137.44060618804912,8.822515847295698,0.5555555555555556,14,0.5545555555555556,2,2.5
3006,1214,1217,2023-12-28,2024-01-03,104.74219700258725,92.71624105043834,9.109037305264422,-0.11481481481481481,3,-0.11581481481481481,2,2.5
3006,1706,1720,2026-01-09,2026-01-29,141.33333333333331,173.6807511737089,8.85624100692516,0.22887323943661975,14,0.22787323943661975,1,1.5
3006,1748,1750,2026-03-20,2026-03-24,217.9718309859155,174.3774647887324,8.528128531642157,-0.19999999999999996,2,-0.20099999999999996,1,1.5
3006,1798,1801,2026-06-03,2026-06-08,271.7183098591549,199.55868544600938,9.073663449923465,-0.2655677655677655,3,-0.2665677655677655,2,2.5
3008,1013,1022,2023-03-08,2023-03-21,2132.1089048625345,2022.836059079845,8.605642586515877,-0.05125106205104224,9,-0.05225106205104224,2,2.5
3008,1205,1219,2023-12-15,2024-01-05,2467.5303776712576,2399.366555083654,8.529508971320709,-0.027624309392265123,14,-0.028624309392265124,2,2.5
3008,1340,1348,2024-07-10,2024-07-22,2909.2934005954744,2650.6895427647655,8.56332961112998,-0.0888888888888889,8,-0.08988888888888891,2,2.5
3008,1375,1379,2024-08-30,2024-09-05,3011.7453881493243,2791.602257133744,9.051669452659553,-0.07309486780715391,4,-0.07409486780715391,1,1.5
3008,1785,1799,2026-05-15,2026-06-04,3260.221374045802,3904.3380588876776,8.671207309584737,0.19756838905775065,14,0.19656838905775065,1,1.5
3008,1805,1816,2026-06-12,2026-06-30,4261.079607415485,4211.532170119956,9.023557477750284,-0.011627906976744096,11,-0.012627906976744097,2,2.5
3008,1857,1862,2026-08-27,2026-09-03,6615.0,7150.0,8.594809019013967,0.08087679516250934,5,0.07987679516250934,1,1.5
3013,1278,1292,2024-04-11,2024-05-02,70.8493022210803,69.70963516122379,8.611327924596702,-0.016085790884718287,14,-0.017085790884718288,2,2.5
3013,1343,1356,2024-07-15,2024-08-05,98.77114518756504,91.1024318417719,8.715844494681557,-0.07764123146725044,13,-0.07864123146725044,2,2.5
3013,1405,1419,2024-10-17,2024-11-07,140.08428327134385,156.76098366078955,8.555010596115999,0.11904761904761907,14,0.11804761904761907,1,1.5
3013,1423,1426,2024-11-13,2024-11-18,161.52575520063118,146.27848627313796,8.577480709954104,-0.09439528023598831,3,-0.09539528023598831,0,0.0
3014,402,410,2020-09-01,2020-09-11,51.03203399665931,48.018331201581,8.81696580074269,-0.05905511811023634,8,-0.06005511811023634,2,2.5
3014,589,597,2021-06-10,2021-06-23,89.07166038786991,81.70483133323405,9.45317506486791,-0.08270676691729328,8,-0.08370676691729328,1,1.5
3016,331,345,2020-05-21,2020-06-10,57.04900233173002,67.79736508988205,9.157957817987983,0.18840579710144922,14,0.18740579710144922,2,2.5
3017,370,382,2020-07-17,2020-08-04,41.25099867578289,39.575176854579205,8.632917334379052,-0.04062500000000013,12,-0.041625000000000134,2,2.5
3017,390,404,2020-08-14,2020-09-03,48.1261651217467,59.1264314352888,8.508454935622318,0.22857142857142843,14,0.22757142857142842,2,2.5
3017,452,465,2020-11-13,2020-12-02,68.15059742280073,63.85833614552922,9.30405117270789,-0.06298200514138808,13,-0.06398200514138808,2,2.5
3017,662,668,2021-09-24,2021-10-04,76.90628685914912,68.24977352784678,8.50413140014357,-0.11255924170616116,6,-0.11355924170616116,0,0.0
3017,744,758,2022-01-20,2022-02-18,87.47634524263407,100.68891822199025,8.920148665650382,0.15104166666666652,14,0.15004166666666652,1,1.5
3017,771,775,2022-03-10,2022-03-16,110.71224944770873,99.77770629237948,9.054138594913653,-0.09876543209876543,4,-0.09976543209876543,0,0.0
3017,916,918,2022-10-06,2022-10-11,114.463418700086,101.69270669635739,8.783450909572279,-0.11157024793388426,2,-0.11257024793388426,0,0.0
3017,1024,1038,2023-03-23,2023-04-17,132.54164075415594,146.9483408361294,8.672039937992578,0.10869565217391308,14,0.10769565217391308,2,2.5
3017,1063,1077,2023-05-23,2023-06-12,175.28151766401055,200.25313113943122,8.532790702550823,0.1424657534246574,14,0.1414657534246574,2,2.5
3017,1091,1105,2023-07-04,2023-07-24,282.37132160668,330.3936552132582,9.024468368168018,0.17006802721088432,14,0.16906802721088432,2,2.5
3017,1123,1130,2023-08-18,2023-08-29,350.08281199195534,334.23167051432847,8.988941412279356,-0.045278262555749516,7,-0.046278262555749516,0,0.0
3017,1236,1250,2024-01-30,2024-02-29,389.2071854606445,490.4010536804121,8.563560231834817,0.26,14,0.259,1,1.5
3017,1252,1266,2024-03-04,2024-03-22,537.1059159356895,577.9726704090571,8.769671983985624,0.07608695652173902,14,0.07508695652173902,2,2.5
3017,1284,1286,2024-04-19,2024-04-23,648.0299637919732,578.9456883727087,8.719125170091734,-0.1066066066066067,2,-0.1076066066066067,1,1.5
3017,1309,1317,2024-05-27,2024-06-06,710.3031134656762,680.1395565924763,8.965569450825297,-0.042465753424657526,8,-0.04346575342465753,2,2.5
3017,1577,1591,2025-07-04,2025-07-24,785.6274082967417,834.8521832526778,8.755243463079392,0.06265664160400997,14,0.061656641604009965,2,2.5
3017,1596,1610,2025-07-31,2025-08-20,866.3560392244771,1012.9793080724875,8.878708812744009,0.16924135368094273,14,0.16824135368094273,1,1.5
3017,1656,1670,2025-10-29,2025-11-18,1310.9143986820427,1390.363756177924,9.334795599142325,0.06060606060606055,14,0.05960606060606055,1,1.5
3017,1724,1738,2026-02-04,2026-03-06,1633.6774135090607,1797.5417133443161,8.515127473208606,0.10030395136778125,14,0.09930395136778125,2,2.5
3017,1742,1756,2026-03-12,2026-04-01,1886.9222405271826,2105.407973640856,9.034454109915906,0.11578947368421044,14,0.11478947368421044,1,1.5
3017,1760,1774,2026-04-09,2026-04-29,2244.444349258649,2716.1749093904446,8.773103092709096,0.21017699115044253,14,0.20917699115044253,1,1.5
3017,1843,1857,2026-08-07,2026-08-27,2914.798303130148,3305.0,9.033766504352073,0.133869193093334,14,0.132869193093334,1,1.5
3019,1365,1379,2024-08-16,2024-09-05,114.44560509554141,117.74239207360228,8.558561526761936,0.028806584362139898,14,0.027806584362139897,0,0.0
3019,1448,1462,2024-12-18,2025-01-08,140.81990092002832,156.36189667374381,8.860519480519482,0.11036789297658856,14,0.10936789297658855,0,0.0
3019,1480,1494,2025-02-12,2025-03-05,184.62007077140836,185.09104033970277,8.664035192449827,0.0025510204081633514,14,0.0015510204081633514,1,1.5
3026,1790,1804,2026-05-22,2026-06-11,457.0421286031043,650.7882483370289,8.616073794854739,0.42391304347826075,14,0.42291304347826075,2,2.5
3026,1820,1826,2026-07-06,2026-07-15,1015.0,825.0,8.722290076335879,-0.18719211822660098,6,-0.18819211822660098,2,2.5
3027,1004,1018,2023-02-21,2023-03-15,41.152466059735794,45.18895196511658,8.909294986214416,0.098086124401914,14,0.097086124401914,2,2.5
3029,1442,1453,2024-12-10,2024-12-25,136.76279833967487,124.79029747492218,8.762406634035358,-0.08754208754208759,11,-0.08854208754208759,1,1.5
3032,1101,1112,2023-07-18,2023-08-02,63.28121201851009,59.30300716939322,8.812503805120839,-0.06286549707602351,11,-0.06386549707602351,2,2.5
3034,361,375,2020-07-06,2020-07-24,161.6110438914591,176.29688136934698,8.865863434185446,0.09087149692412821,14,0.08987149692412821,2,2.5
3034,478,492,2020-12-21,2021-01-11,203.10409946665376,242.2110999850778,8.536028909713679,0.1925465838509317,14,0.1915465838509317,2,2.5
3034,499,507,2021-01-20,2021-02-01,258.2954308434619,248.20330167741693,8.977409719425426,-0.039072039072039155,8,-0.040072039072039156,1,1.5
3034,511,524,2021-02-05,2021-03-08,295.82553617969137,304.97152823641954,9.466350672344555,0.030916844349680117,13,0.029916844349680116,1,1.5
3034,539,553,2021-03-29,2021-04-20,362.05513383186104,373.4087791436616,8.74348126629731,0.03135888501742179,14,0.03035888501742179,2,2.5
3034,1005,1019,2023-02-22,2023-03-16,330.6664234792082,320.4558213290189,9.072327586206898,-0.030878859857482288,14,-0.03187885985748229,2,2.5
3034,1024,1029,2023-03-23,2023-03-30,341.26974109671255,327.13198427337346,8.524502730340064,-0.04142692750287691,5,-0.04242692750287691,2,2.5
3034,1035,1043,2023-04-12,2023-04-24,364.04723820098104,340.0915946947676,8.680596110579275,-0.06580366774541535,8,-0.06680366774541535,2,2.5
3034,1143,1151,2023-09-15,2023-09-27,387.5368127790214,364.76580271550904,8.821638624929555,-0.05875831485587579,8,-0.059758314855875794,1,1.5
3034,1174,1188,2023-11-02,2023-11-22,409.0188977445991,423.19707382188034,8.811149442531878,0.034663865546218364,14,0.03366386554621836,1,1.5
3034,1194,1208,2023-11-30,2023-12-20,439.95310009503095,440.81238349365407,8.519911476221646,0.001953125,14,0.000953125,2,2.5
3034,1226,1237,2024-01-16,2024-01-31,459.7166182633624,436.5159665005385,8.542711484940458,-0.05046728971962611,11,-0.05146728971962611,1,1.5
3034,1245,1259,2024-02-21,2024-03-13,494.0879542082867,508.6957719848795,8.941269849127076,0.029565217391304355,14,0.028565217391304354,2,2.5
3035,563,568,2021-05-05,2021-05-12,64.93524003882429,57.64015759340853,9.14202648771363,-0.11234396671289859,5,-0.11334396671289859,2,2.5
3035,591,604,2021-06-15,2021-07-02,71.59988326056217,66.64643221737862,8.686741056777159,-0.0691823899371069,13,-0.0701823899371069,1,1.5
3035,608,622,2021-07-08,2021-07-28,82.76766379428507,103.06952583668335,8.949454119401397,0.24528736358751835,14,0.24428736358751835,2,2.5
3035,665,668,2021-09-29,2021-10-04,106.24788125895994,99.89117041440677,8.564537302524316,-0.05982905982905984,3,-0.06082905982905984,0,0.0
3035,673,687,2021-10-12,2021-11-01,119.4153537226772,185.25271604126348,8.675149114217039,0.5513307984790874,14,0.5503307984790874,0,0.0
3035,721,734,2021-12-17,2022-01-06,198.87423927959168,193.4256299842604,9.235482009099172,-0.02739726027397249,13,-0.02839726027397249,2,2.5
3035,785,792,2022-03-30,2022-04-12,296.49515582094375,254.26843378212635,9.279379674796747,-0.14241960183767222,7,-0.14341960183767222,1,1.5
3035,1091,1105,2023-07-04,2023-07-24,219.57921526867392,371.8526275962978,8.696893779045588,0.6934782608695653,14,0.6924782608695653,2,2.5
3035,1227,1239,2024-01-17,2024-02-02,410.51766332839037,398.5840103246581,8.546251793347258,-0.029069767441860406,12,-0.030069767441860407,1,1.5
3036,1556,1570,2025-06-05,2025-06-25,116.99676116598022,118.38957975128952,8.895048260675273,0.011904761904762085,14,0.010904761904762084,1,1.5
3036,1572,1586,2025-06-27,2025-07-17,126.28221840137547,134.65551601423488,9.14271386341699,0.06630622837370259,14,0.06530622837370259,2,2.5
3037,358,372,2020-07-01,2020-07-21,44.34407516021369,48.395231305025604,8.925676495891498,0.09135732632093951,14,0.09035732632093951,2,2.5
3037,374,388,2020-07-23,2020-08-12,50.34165742698275,73.07945348802768,8.807696175163906,0.4516695957820738,14,0.4506695957820738,2,2.5
3037,493,505,2021-01-12,2021-01-28,84.05021890269528,78.03399270755499,8.718213578801498,-0.07157894736842108,12,-0.07257894736842108,2,2.5
3037,560,568,2021-04-29,2021-05-12,101.7450018295785,85.46580153684593,8.54724153397623,-0.16000000000000003,8,-0.16100000000000003,2,2.5
3037,608,622,2021-07-08,2021-07-28,122.97874134183836,122.97874134183836,8.817461531517548,0.0,14,-0.001,2,2.5
3037,697,711,2021-11-15,2021-12-03,183.21019361026168,192.14727622539638,8.729453803548358,0.04878048780487787,14,0.04778048780487787,2,2.5
3037,717,731,2021-12-13,2022-01-03,201.97806710204458,210.02144145566584,8.97100464075416,0.039823008849557695,14,0.038823008849557694,2,2.5
3037,1102,1113,2023-07-19,2023-08-04,197.51459224653053,169.70913993998013,8.938166824782895,-0.14077669902912615,11,-0.14177669902912615,2,2.5
3037,1676,1690,2025-11-26,2025-12-16,174.64060887512898,219.54819401444786,8.757577609002395,0.2571428571428571,14,0.2561428571428571,1,1.5
3037,1709,1723,2026-01-14,2026-02-03,254.9752889576883,383.71036635706906,8.608180068869741,0.5048923679060664,14,0.5038923679060664,2,2.5
3037,1747,1750,2026-03-19,2026-03-24,562.84173374613,450.27338699690404,8.731432098765433,-0.19999999999999996,3,-0.20099999999999996,1,1.5
3037,1777,1787,2026-05-05,2026-05-19,897.1537564499482,819.3139422084622,9.099291289998565,-0.08676307007786421,10,-0.08776307007786421,2,2.5
3037,1791,1801,2026-05-25,2026-06-08,1017.9052631578945,838.2749226006191,9.464111179982385,-0.17647058823529405,10,-0.17747058823529405,2,2.5
3037,1858,1860,2026-08-28,2026-09-01,1200.0,921.0,8.918024128361264,-0.23250000000000004,2,-0.23350000000000004,1,1.5
3042,284,286,2020-03-12,2020-03-16,37.47839895518122,31.527197608800837,9.475737964381969,-0.1587901701323251,2,-0.1597901701323251,0,0.0
3042,306,320,2020-04-15,2020-05-06,38.11602767086483,43.64214320678948,9.095277066826863,0.14498141263940534,14,0.14398141263940534,0,0.0
3042,360,374,2020-07-03,2020-07-23,47.11367732551136,53.84420265772727,8.98374653398929,0.14285714285714302,14,0.14185714285714301,2,2.5
3042,382,395,2020-08-04,2020-08-21,57.76640645512676,56.226946384622124,8.788644510792542,-0.026649746192893287,13,-0.027649746192893287,2,2.5
3042,512,525,2021-02-17,2021-03-09,70.22870226397391,68.9824726830892,9.048711199464227,-0.017745302713987443,13,-0.018745302713987444,1,1.5
3042,1820,1822,2026-07-06,2026-07-08,250.0,215.0,8.721374045801527,-0.14,2,-0.14100000000000001,2,2.5
3044,1136,1148,2023-09-06,2023-09-22,176.47399849126262,170.62154445966462,8.936976288544908,-0.03316326530612246,12,-0.03416326530612246,1,1.5
3044,1242,1256,2024-02-16,2024-03-08,207.08683496423674,200.78419216097737,8.964638789083404,-0.030434782608695587,14,-0.03143478260869559,1,1.5
3044,1298,1311,2024-05-10,2024-05-29,213.38947776749612,190.88003918442692,8.763531338145693,-0.10548523206751048,13,-0.10648523206751048,2,2.5
3044,1558,1572,2025-06-09,2025-06-27,202.0808238798456,227.74928880684678,8.502461771511339,0.1270207852193994,14,0.1260207852193994,1,1.5
3044,1580,1594,2025-07-09,2025-07-29,230.54948498070144,264.68135593220336,8.994634681905065,0.14804574798490222,14,0.14704574798490222,1,1.5
3044,1598,1612,2025-08-04,2025-08-22,272.46610169491527,304.5781779661017,8.71937428900543,0.11785714285714288,14,0.11685714285714288,2,2.5
3044,1661,1664,2025-11-05,2025-11-10,328.41896186440675,317.2283898305085,8.502701528015047,-0.03407407407407392,3,-0.035074074074073924,1,1.5
3044,1720,1734,2026-01-29,2026-03-02,393.12966101694917,363.93686440677965,8.811097662950226,-0.07425742574257432,14,-0.07525742574257432,2,2.5
3044,1780,1787,2026-05-08,2026-05-19,486.54661016949154,456.38072033898305,8.578417195600625,-0.062000000000000055,7,-0.06300000000000006,2,2.5
3045,803,808,2022-04-27,2022-05-05,88.32622908858139,86.29106251972006,8.58741076099642,-0.02304147465437789,5,-0.024041474654377892,0,0.0
3045,843,853,2022-06-24,2022-07-08,88.73326240235365,87.74963126993967,8.658352074184478,-0.01108525828740281,10,-0.012085258287402811,0,0.0
3045,856,860,2022-07-13,2022-07-19,88.17354253211329,87.32572000776604,8.787686996069702,-0.009615384615384692,4,-0.010615384615384693,0,0.0
3045,1518,1521,2025-04-10,2025-04-15,106.6986059989036,105.77879042994753,8.874847379366255,-0.008620689655172487,3,-0.009620689655172487,0,0.0
3059,548,556,2021-04-13,2021-04-23,41.83613099754728,36.1392961383068,8.665426253757666,-0.13617021276595753,8,-0.13717021276595753,2,2.5
3059,727,735,2021-12-27,2022-01-07,46.57492082896054,42.061847105224054,8.727752433229217,-0.09689922480620161,8,-0.09789922480620161,2,2.5
3059,1490,1498,2025-02-26,2025-03-11,48.586715867158674,40.881549815498154,9.057962242210031,-0.1585858585858586,8,-0.1595858585858586,2,2.5
3059,1621,1632,2025-09-04,2025-09-19,54.3,54.3,9.176563899868249,0.0,11,-0.001,2,2.5
3167,1589,1603,2025-07-22,2025-08-11,165.89750916395414,186.69659986510658,8.693638280415716,0.12537313432835817,14,0.12437313432835817,1,1.5
3167,1670,1674,2025-11-18,2025-11-24,226.89659259259258,190.07565432098764,9.24296484260525,-0.16228070175438603,4,-0.16328070175438603,0,0.0
3167,1699,1703,2025-12-30,2026-01-06,243.8143209876543,230.37965432098764,8.598692118572835,-0.055102040816326525,4,-0.056102040816326526,1,1.5
3167,1730,1744,2026-02-23,2026-03-16,280.13767901234564,364.7263209876543,8.84727164669354,0.30195381882770866,14,0.30095381882770866,2,2.5
3167,1792,1806,2026-05-26,2026-06-15,860.8138271604938,824.988049382716,9.211376546682281,-0.04161849710982668,14,-0.04261849710982668,2,2.5
3189,346,360,2020-06-11,2020-07-03,49.956244275129784,61.5875976323208,9.058715663354764,0.2328308207705192,14,0.2318308207705192,2,2.5
3189,380,394,2020-07-31,2020-08-20,63.177494853807346,65.26946488207912,9.36892567172764,0.03311258278145712,14,0.03211258278145712,2,2.5
3189,539,553,2021-03-29,2021-04-20,87.87916310651968,95.9453664834466,8.528776669558786,0.09178743961352653,14,0.09078743961352653,2,2.5
3189,585,599,2021-06-04,2021-06-25,98.49258860247616,117.59675449519783,8.61842125636657,0.19396551724137923,14,0.19296551724137923,1,1.5
3189,608,622,2021-07-08,2021-07-28,136.27638336808124,154.10693820128813,8.561623262501996,0.13084112149532712,14,0.12984112149532712,2,2.5
3189,673,675,2021-10-12,2021-10-14,184.90717449570923,174.23124063337036,9.030129183727869,-0.05773672055427248,2,-0.05873672055427248,0,0.0
3189,679,693,2021-10-20,2021-11-09,204.1238554479192,208.82126634734828,9.175152791102583,0.023012552301255207,14,0.022012552301255206,1,1.5
3189,1648,1661,2025-10-16,2025-11-05,133.7715636103393,123.26094075524124,9.370794073136446,-0.07857142857142851,13,-0.07957142857142852,1,1.5
3189,1703,1717,2026-01-06,2026-01-26,160.04812074808453,209.64054054054057,9.062762663980667,0.3098594320299106,14,0.3088594320299106,1,1.5
3189,1732,1740,2026-02-25,2026-03-10,326.44027027027033,279.52072072072076,8.71024188336244,-0.1437308868501529,8,-0.1447308868501529,2,2.5
3189,1745,1756,2026-03-17,2026-04-01,341.9137387387388,334.4265765765766,8.915307824202376,-0.021897810218978186,11,-0.022897810218978187,1,1.5
3189,1770,1781,2026-04-23,2026-05-11,495.15099099099103,474.186936936937,8.734226723248007,-0.04233870967741926,11,-0.04333870967741926,2,2.5
3189,1790,1804,2026-05-22,2026-06-11,586.9935135135136,672.8463063063064,9.05874684961956,0.1462585034013606,14,0.1452585034013606,2,2.5
3189,1811,1822,2026-06-23,2026-07-08,778.664864864865,714.0,9.120029325513197,-0.08304582341221645,11,-0.08404582341221645,2,2.5
3231,349,363,2020-06-16,2020-07-08,22.55027346164404,26.08127191481717,8.563205333880152,0.15658339838667756,14,0.15558339838667756,2,2.5
3231,370,372,2020-07-17,2020-07-21,27.517631817372315,25.400890908343676,8.512350253533107,-0.07692307692307687,2,-0.07792307692307687,2,2.5
3231,968,978,2022-12-20,2023-01-04,27.042597823852784,25.932474760476232,8.805227459322287,-0.0410509031198687,10,-0.0420509031198687,2,2.5
3231,991,1005,2023-02-02,2023-02-22,27.975101197089085,28.01950611962415,8.622730279915007,0.0015873015873018037,14,0.0005873015873018037,2,2.5
3231,1008,1022,2023-03-01,2023-03-21,28.685579957650077,32.85964267594591,8.51343595249472,0.14551083591331282,14,0.14451083591331282,2,2.5
3231,1034,1048,2023-04-11,2023-05-02,38.67668752803903,41.74062718295832,8.701127060114805,0.07921928817451218,14,0.07821928817451218,2,2.5
3231,1057,1071,2023-05-15,2023-06-02,44.13849299985167,63.0549899997881,9.036125166156541,0.4285714285714286,14,0.4275714285714286,1,1.5
3231,1080,1094,2023-06-15,2023-07-07,71.49192528144988,95.16269775702504,9.046071336749305,0.3310971467391304,14,0.3300971467391304,2,2.5
3231,1098,1112,2023-07-13,2023-08-02,118.38421730539,122.02680860709431,8.74003436426117,0.030769230769230882,14,0.02976923076923088,2,2.5
3231,1563,1577,2025-06-16,2025-07-04,114.30106109324761,117.19475884244376,8.521969107099897,0.025316455696202667,14,0.024316455696202666,1,1.5
3231,1638,1652,2025-09-30,2025-10-22,130.2163987138264,136.00379421221868,8.73543214972818,0.04444444444444429,14,0.043444444444444286,2,2.5
3231,1798,1804,2026-06-03,2026-06-11,186.1612218649518,148.92897749196146,8.635299324618417,-0.19999999999999996,6,-0.20099999999999996,2,2.5
3305,1627,1631,2025-09-12,2025-09-18,148.10635983263597,118.48508786610878,8.715550330452468,-0.19999999999999996,4,-0.20099999999999996,2,2.5
3376,267,272,2020-02-17,2020-02-24,111.12697678803796,106.0092870675362,8.810987153240086,-0.046052631578947456,5,-0.04705263157894746,0,0.0
3376,367,379,2020-07-14,2020-07-30,127.95874955918444,118.81883887638554,8.86773726786772,-0.07142857142857151,12,-0.07242857142857151,2,2.5
3376,1214,1219,2023-12-28,2024-01-05,127.00041298212412,111.24123764857588,8.995589941972922,-0.12408759124087587,5,-0.12508759124087587,2,2.5
3376,1234,1248,2024-01-26,2024-02-26,126.53690782525506,153.42020692366088,9.207987488142589,0.21245421245421237,14,0.21145421245421236,1,1.5
3376,1252,1266,2024-03-04,2024-03-22,173.81443382589978,188.64659884570992,9.094700184421919,0.08533333333333348,14,0.08433333333333348,2,2.5
3406,350,364,2020-06-17,2020-07-09,531.7155387828411,689.2920930655532,9.272329896907218,0.29635499207606997,14,0.29535499207606997,2,2.5
3406,1304,1318,2024-05-20,2024-06-07,495.48523871895037,504.6270327912557,8.598678330298796,0.01845018450184499,14,0.01745018450184499,2,2.5
3406,1321,1335,2024-06-13,2024-07-03,543.9367473021688,617.0710998806117,9.073471971552749,0.134453781512605,14,0.133453781512605,2,2.5
3406,1859,1862,2026-08-31,2026-09-03,916.0,991.0,8.576331859745308,0.08187772925764203,3,0.08087772925764203,1,1.5
3413,503,506,2021-01-26,2021-01-29,193.04014315721756,171.97425451902913,8.778925784671017,-0.10912698412698418,3,-0.11012698412698418,1,1.5
3413,545,552,2021-04-08,2021-04-19,209.89285406776827,188.82696542957987,8.698414322641955,-0.10036496350364954,7,-0.10136496350364954,2,2.5
3413,1265,1279,2024-03-21,2024-04-12,260.75281060397833,266.0924586026946,8.88923141891892,0.020477815699658564,14,0.019477815699658563,2,2.5
3413,1297,1306,2024-05-09,2024-05-22,285.22619726476125,265.20251726957525,8.641053213922298,-0.07020280811232438,9,-0.07120280811232438,2,2.5
3443,361,375,2020-07-06,2020-07-24,281.14007745975454,291.91711376237845,8.987060244964193,0.03833333333333333,14,0.03733333333333333,2,2.5
3443,454,467,2020-11-17,2020-12-04,325.1853562617827,302.2255832692361,8.933915817884541,-0.07060518731988474,13,-0.07160518731988474,2,2.5
3443,489,503,2021-01-06,2021-01-26,382.8190721410324,387.0361733029287,8.904426328223327,0.01101591187270512,14,0.010015911872705119,2,2.5
3443,516,522,2021-02-23,2021-03-04,440.45278802028207,398.2817764013189,9.09999775957223,-0.0957446808510638,6,-0.0967446808510638,2,2.5
3443,663,669,2021-09-27,2021-10-05,478.2097646066645,431.6247179551207,9.092734917375575,-0.09741550695825052,6,-0.09841550695825052,1,1.5
3443,672,686,2021-10-08,2021-10-29,506.7312217402628,576.1334340986853,8.967046567034872,0.1369606003752344,14,0.1359606003752344,0,0.0
3443,688,698,2021-11-02,2021-11-16,588.4927321899112,548.5626922028736,8.71155251929207,-0.06785137318255252,10,-0.06885137318255252,1,1.5
3443,968,970,2022-12-20,2022-12-22,781.6477952859093,739.2924960339635,8.506350761307658,-0.054187192118226535,2,-0.055187192118226536,2,2.5
3443,996,1010,2023-02-09,2023-03-03,887.5360434157739,1169.5838316162312,8.97489273114452,0.3177874186550975,14,0.3167874186550975,2,2.5
3443,1062,1076,2023-05-22,2023-06-09,1261.0327731829325,1379.5028058613698,9.128264047151276,0.09394683088165179,14,0.09294683088165179,2,2.5
3443,1099,1111,2023-07-14,2023-08-01,1748.665528556666,1457.2212737972218,8.754062154622165,-0.16666666666666663,12,-0.16766666666666663,2,2.5
3443,1644,1657,2025-10-09,2025-10-30,1513.1065759637188,1473.2879818594104,8.609855091958144,-0.026315789473684292,13,-0.027315789473684293,1,1.5
3443,1663,1677,2025-11-07,2025-11-27,1697.2675736961453,2110.3854875283446,9.360059799029184,0.24340175953079157,14,0.24240175953079157,1,1.5
3443,1684,1691,2025-12-08,2025-12-17,2219.8866213151928,2030.748299319728,9.010430750408354,-0.08520179372197312,7,-0.08620179372197312,1,1.5
3443,1704,1718,2026-01-07,2026-01-27,2478.7074829931976,2618.0725623582766,8.951737014665957,0.056224899598393385,14,0.055224899598393384,2,2.5
3443,1723,1725,2026-02-03,2026-02-05,2767.3922902494332,2483.684807256236,8.658323497883226,-0.10251798561151071,2,-0.10351798561151071,1,1.5
3443,1764,1778,2026-04-15,2026-05-06,3135.714285714286,4902.664399092971,9.100495147856652,0.5634920634920635,14,0.5624920634920635,2,2.5
3450,267,281,2020-02-17,2020-03-09,65.96604653064539,68.40588660780625,8.660744011471646,0.03698630136986325,14,0.03598630136986325,0,0.0
3450,1249,1260,2024-02-27,2024-03-14,77.26412099745433,71.6883596883597,8.99068562210123,-0.0721649484536081,11,-0.0731649484536081,2,2.5
3450,1328,1342,2024-06-24,2024-07-12,124.45895779229113,138.8961968961969,8.712302277432713,0.11599999999999988,14,0.11499999999999988,2,2.5
3450,1394,1408,2024-09-27,2024-10-22,199.1343324676658,230.000154000154,8.942264120799786,0.1549999999999998,14,0.1539999999999998,1,1.5
3450,1453,1467,2024-12-25,2025-01-15,263.355154688488,293.72314038980704,8.527682397754486,0.11531190926275992,14,0.11431190926275991,1,1.5
3450,1734,1740,2026-03-02,2026-03-10,300.3973973973974,265.4674674674675,8.883853994490359,-0.11627906976744184,6,-0.11727906976744185,2,2.5
3450,1859,1862,2026-08-31,2026-09-03,627.0,554.0,9.628020051092966,-0.11642743221690588,3,-0.11742743221690588,1,1.5
3454,934,948,2022-11-02,2022-11-22,138.58137689008066,163.06408680732827,9.342378436896418,0.17666666666666675,14,0.17566666666666675,0,0.0
3454,954,968,2022-11-30,2022-12-20,184.77516918677424,198.6333068757823,8.526575777067661,0.07499999999999996,14,0.07399999999999995,2,2.5
3454,1011,1025,2023-03-06,2023-03-24,268.38593324378957,252.21810593994684,9.161575074702666,-0.06024096385542166,14,-0.06124096385542166,2,2.5
3481,401,415,2020-08-31,2020-09-18,7.5973822609391135,8.206797950319256,8.63812636254966,0.08021390374331538,14,0.07921390374331538,2,2.5
3481,442,450,2020-10-30,2020-11-11,8.2474256629446,7.90615287689172,8.800275104012444,-0.04137931034482767,8,-0.04237931034482767,1,1.5
3481,466,480,2020-12-03,2020-12-23,9.6693956048316,11.700781236098742,8.533483174348873,0.2100840336134453,14,0.2090840336134453,2,2.5
3481,535,549,2021-03-23,2021-04-14,15.601041648131655,19.704440623291283,8.963305847076462,0.26302083333333326,14,0.26202083333333326,2,2.5
3481,1711,1720,2026-01-16,2026-01-29,25.02212189616253,21.796613995485327,8.662456961807996,-0.1289062500000001,9,-0.1299062500000001,2,2.5
3481,1735,1749,2026-03-03,2026-03-23,28.63860045146727,24.386794582392778,9.045695467885285,-0.14846416382252559,14,-0.1494641638225256,2,2.5
3481,1796,1804,2026-06-01,2026-06-11,53.269751693002256,42.6,8.937691280671359,-0.20029662902303103,8,-0.20129662902303103,2,2.5
3515,300,314,2020-04-07,2020-04-27,92.85644686438322,89.97717719416978,9.394071901002775,-0.03100775193798444,14,-0.03200775193798444,0,0.0
3515,332,346,2020-05-22,2020-06-11,104.37352554523694,107.25279521545038,8.928960569237896,0.02758620689655178,14,0.02658620689655178,2,2.5
3515,363,377,2020-07-08,2020-07-28,120.9293261489642,128.23033138414826,8.894353705652644,0.060374149659863985,14,0.059374149659863984,2,2.5
3515,392,406,2020-08-18,2020-09-07,141.49553807906017,145.54879568028323,9.121980975502796,0.02864583333333326,14,0.02764583333333326,2,2.5
3515,729,734,2021-12-29,2022-01-06,215.87758470012065,200.92336480082275,8.812189565677725,-0.069271758436945,5,-0.070271758436945,2,2.5
3515,1097,1111,2023-07-12,2023-08-01,230.85518307578775,226.32861085861543,9.540368529409106,-0.019607843137254943,14,-0.020607843137254944,2,2.5
3530,608,622,2021-07-08,2021-07-28,201.40834751003206,203.98108187603617,9.016088832081802,0.012773722627737572,14,0.01177372262773757,2,2.5
3532,705,719,2021-11-25,2021-12-15,208.93655435993858,257.836598997371,9.306383495145631,0.23404255319148937,14,0.23304255319148937,2,2.5
3532,721,732,2021-12-17,2022-01-04,264.5047869024754,259.6147824387322,9.55359121389226,-0.018487394957983017,11,-0.019487394957983017,2,2.5
3532,777,784,2022-03-18,2022-03-29,281.84207545574696,272.06206652826046,9.570902517234757,-0.03470031545741337,7,-0.03570031545741337,1,1.5
3532,1765,1779,2026-04-16,2026-05-07,190.09076262083778,249.96186895810953,8.590149525259516,0.31496062992125995,14,0.31396062992125995,2,2.5
3532,1826,1828,2026-07-15,2026-07-17,535.0,428.0,8.922914606725115,-0.19999999999999996,2,-0.20099999999999996,2,2.5
3533,327,341,2020-05-15,2020-06-04,332.03130217940156,331.19705267643826,8.965446464487899,-0.002512562814070307,14,-0.003512562814070307,2,2.5
3533,366,380,2020-07-13,2020-07-31,381.2520228542375,384.49286697167673,8.545427841142342,0.008500529631755738,14,0.007500529631755738,2,2.5
3533,423,437,2020-09-30,2020-10-23,405.4031338769066,404.9763937359836,9.074354090267253,-0.001052631578947305,14,-0.002052631578947305,1,1.5
3533,493,507,2021-01-12,2021-02-01,481.36287896121127,440.3958254325975,8.510748030696275,-0.08510638297872342,14,-0.08610638297872342,2,2.5
3533,701,715,2021-11-19,2021-12-09,597.5531480008187,615.1282405890781,8.541743015909104,0.02941176470588247,14,0.02841176470588247,2,2.5
3533,813,824,2022-05-12,2022-05-27,652.0359350244229,647.642161877358,9.245884735430707,-0.006738544474393593,11,-0.007738544474393593,0,0.0
3533,902,909,2022-09-16,2022-09-27,719.7369451155405,680.1018692894031,8.76149797311858,-0.0550688360450563,7,-0.0560688360450563,2,2.5
3533,948,962,2022-11-22,2022-12-12,783.6935447440803,792.701516522748,8.87908480849092,0.011494252873563315,14,0.010494252873563314,2,2.5
3533,1027,1041,2023-03-28,2023-04-20,835.5873868438356,841.9313257895046,8.625788540350662,0.00759219088937102,14,0.00659219088937102,2,2.5
3533,1263,1277,2024-03-19,2024-04-10,1280.9078621325243,1567.1180437811838,8.828071719006642,0.22344322344322354,14,0.22244322344322354,2,2.5
3533,1309,1317,2024-05-27,2024-06-06,1614.0377456908,1515.5063716806058,8.908673526287966,-0.061046511627906974,8,-0.062046511627906975,2,2.5
3533,1413,1425,2024-10-29,2024-11-15,1675.4642921034147,1622.956864145758,8.815897749890041,-0.031339031339031265,12,-0.032339031339031266,1,1.5
3533,1437,1451,2024-12-03,2024-12-23,1904.5876141004628,1818.6663683515699,9.260611635593959,-0.045112781954887105,14,-0.046112781954887105,1,1.5
3533,1752,1766,2026-03-26,2026-04-17,2181.313316708229,2471.1725187032416,9.007645501840834,0.13288288288288297,14,0.13188288288288297,1,1.5
3533,1782,1784,2026-05-12,2026-05-14,2765.944588528678,2554.6912718204485,8.658871757893913,-0.07637655417406763,2,-0.07737655417406764,2,2.5
3563,1754,1768,2026-03-30,2026-04-21,801.4933333333333,942.9333333333333,8.796129297671552,0.17647058823529393,14,0.17547058823529393,1,1.5
3583,739,746,2022-01-13,2022-01-24,101.6208746572647,86.05731727732325,9.210364004044491,-0.15315315315315314,7,-0.15415315315315314,1,1.5
3583,1092,1106,2023-07-05,2023-07-25,163.92981103865583,191.00966182970222,8.818386613386615,0.16519174041297946,14,0.16419174041297946,2,2.5
3583,1274,1285,2024-04-03,2024-04-22,334.6295847750732,306.5825964557752,8.722524148387254,-0.08381502890173398,11,-0.08481502890173398,2,2.5
3583,1400,1411,2024-10-09,2024-10-25,503.7681222158844,455.8367863157323,8.77252967420405,-0.09514563106796114,11,-0.09614563106796115,1,1.5
3583,1760,1774,2026-04-09,2026-04-29,566.7291666666666,722.2824519230769,8.847524432474028,0.2744755244755246,14,0.2734755244755246,1,1.5
3596,435,449,2020-10-21,2020-11-10,75.09747243512984,75.09747243512984,8.549796657085063,0.0,14,-0.001,1,1.5
3596,720,734,2021-12-16,2022-01-06,98.47084607705337,100.03387537986374,9.052203921272337,0.01587301587301604,14,0.014873015873016038,2,2.5
3596,873,878,2022-08-05,2022-08-12,105.41073321648382,97.49451214489017,9.192917642324282,-0.07509881422924913,5,-0.07609881422924913,1,1.5
3596,1125,1139,2023-08-22,2023-09-11,125.76981299067045,148.5573749262623,8.65222719770388,0.1811846689895471,14,0.1801846689895471,0,0.0
3596,1204,1212,2023-12-14,2023-12-26,168.27738044744757,149.872041961008,8.76548747187884,-0.109375,8,-0.110375,2,2.5
3617,1121,1135,2023-08-16,2023-09-05,205.41402353898172,209.784534678109,8.61119462959627,0.02127659574468077,14,0.02027659574468077,0,0.0
3617,1146,1159,2023-09-20,2023-10-12,251.30439049981806,218.52555695636352,9.117690723756082,-0.13043478260869568,13,-0.13143478260869568,1,1.5
3645,1471,1485,2025-01-21,2025-02-19,69.0577065206765,77.64169518036954,9.30247487776116,0.12430167597765363,14,0.12330167597765362,0,0.0
3653,270,276,2020-02-20,2020-03-02,199.26363006315447,167.5625980076526,8.989558525230512,-0.15909090909090917,6,-0.16009090909090917,1,1.5
3653,339,353,2020-06-02,2020-06-22,210.37957636833042,230.9646621186563,8.524204002804344,0.09784735812133083,14,0.09684735812133083,2,2.5
3653,673,687,2021-10-12,2021-11-01,295.82252185201247,315.0040974764225,8.515885057493879,0.06484149855907773,14,0.06384149855907773,0,0.0
3653,689,703,2021-11-03,2021-11-23,352.08847701694856,335.0381875730285,8.621420312143998,-0.04842615012106544,14,-0.04942615012106544,2,2.5
3653,706,719,2021-11-26,2021-12-15,349.5309336003605,346.1208757115765,8.77845112908961,-0.009756097560975618,13,-0.01075609756097562,2,2.5
3653,918,921,2022-10-11,2022-10-14,392.5041163949278,372.4002470186022,8.977555848809246,-0.051219512195122,3,-0.052219512195122,0,0.0
3653,995,1001,2023-02-08,2023-02-16,393.4614435080862,363.784303000177,8.61252272761242,-0.07542579075425793,6,-0.07642579075425793,2,2.5
3653,1027,1041,2023-03-28,2023-04-20,470.047612560755,448.0290889581127,8.582393188160447,-0.046843177189409335,14,-0.047843177189409336,2,2.5
3653,1067,1081,2023-05-29,2023-06-16,586.841520366075,616.5186608739841,8.555083526460065,0.05057096247960846,14,0.04957096247960846,2,2.5
3653,1132,1144,2023-08-31,2023-09-18,653.286611010163,605.437516930196,8.921575456577457,-0.07324364723467847,12,-0.07424364723467847,1,1.5
3653,1215,1220,2023-12-29,2024-01-08,755.820384038664,687.4645353529967,8.609102336488052,-0.09043927648578809,5,-0.09143927648578809,2,2.5
3653,1249,1261,2024-02-27,2024-03-15,890.5790571618367,880.813935921027,8.62498529382377,-0.010964912280701844,12,-0.011964912280701845,2,2.5
3653,1311,1325,2024-05-29,2024-06-19,1035.102851525819,996.0423665625805,8.547276501276503,-0.037735849056603876,14,-0.03873584905660388,2,2.5
3653,1332,1346,2024-06-28,2024-07-18,1142.5191851747247,1126.8204602990127,8.792768261465458,-0.013740447494814956,14,-0.014740447494814957,2,2.5
3653,1400,1414,2024-10-09,2024-10-30,1436.819102215335,1436.819102215335,8.675636408611645,0.0,14,-0.001,1,1.5
3653,1614,1628,2025-08-26,2025-09-15,1808.764602272727,2295.7396874999995,8.592626211957755,0.26923076923076916,14,0.26823076923076916,2,2.5
3653,1673,1687,2025-11-21,2025-12-11,2489.535894886363,2916.8813778409085,9.150942873760346,0.17165668662674638,14,0.17065668662674638,0,0.0
3653,1724,1737,2026-02-04,2026-03-05,3105.708451704545,3016.2640482954544,8.841181594271454,-0.028799999999999937,13,-0.029799999999999938,2,2.5
3653,1741,1755,2026-03-11,2026-03-31,3453.547798295454,3826.2328124999995,8.94307173868217,0.1079136690647482,14,0.1069136690647482,1,1.5
3653,1767,1779,2026-04-20,2026-05-07,4720.676846590908,3851.078480113636,8.532422344636416,-0.18421052631578938,12,-0.18521052631578938,2,2.5
3653,1852,1862,2026-08-20,2026-09-03,5605.0,5615.0,9.01284766600176,0.001784121320249854,10,0.000784121320249854,1,1.5
3661,317,331,2020-04-30,2020-05-21,261.7696618483098,282.9942290251998,8.68582219562471,0.08108108108108114,14,0.08008108108108114,2,2.5
3661,344,358,2020-06-09,2020-07-01,329.6882768143577,473.5436765688343,8.868569625934477,0.4363376251788271,14,0.4353376251788271,2,2.5
3661,383,395,2020-08-05,2020-08-21,634.8503871131982,587.0704675960999,8.637926201997306,-0.07526170021627288,12,-0.07626170021627288,2,2.5
3661,489,503,2021-01-06,2021-01-26,703.7258270699615,844.0916254612745,8.91728429157472,0.19946091644204844,14,0.19846091644204844,2,2.5
3661,514,522,2021-02-19,2021-03-04,933.2428757908923,800.4644178531637,9.589816633922725,-0.1422764227642277,8,-0.1432764227642277,2,2.5
3661,682,696,2021-10-25,2021-11-12,943.2192716305477,1181.4156191315683,8.95680002945562,0.2525354969574036,14,0.2515354969574036,1,1.5
3661,1020,1034,2023-03-17,2023-04-11,1142.5513144029924,1331.3627604272158,8.973288991618098,0.1652542372881356,14,0.1642542372881356,2,2.5
3661,1057,1071,2023-05-15,2023-06-02,1302.3148456542583,1670.2550994450526,8.995467454443185,0.2825278810408922,14,0.2815278810408922,1,1.5
3661,1080,1094,2023-06-15,2023-07-07,1733.1922481197937,1820.335992438666,8.994026244998615,0.05027932960893855,14,0.04927932960893855,2,2.5
3661,1126,1140,2023-08-23,2023-09-12,2304.46790532129,2374.9801309920313,9.052444029850747,0.030598050642371755,14,0.029598050642371754,0,0.0
3661,1142,1147,2023-09-14,2023-09-21,2589.1176837863945,2326.312505356949,8.983619009882034,-0.1015037593984961,5,-0.1025037593984961,1,1.5
3661,1152,1163,2023-09-28,2023-10-18,2598.851208913411,2482.048907389213,9.128164327596792,-0.04494382022471899,11,-0.04594382022471899,1,1.5
3661,1179,1192,2023-11-09,2023-11-28,2949.258113486006,2915.190775541448,8.686661855794096,-0.011551155115511635,13,-0.012551155115511636,1,1.5
3661,1200,1214,2023-12-08,2023-12-28,3348.332643693683,3265.5976801140428,8.728919172579495,-0.02470930232558144,14,-0.02570930232558144,2,2.5
3661,1239,1248,2024-02-02,2024-02-26,3888.5432882431,3864.209475425559,8.500354240631165,-0.006257822277847214,9,-0.007257822277847214,1,1.5
3661,1593,1601,2025-07-28,2025-08-07,3873.0272816318184,3691.171939727786,8.675103168213072,-0.04695431472081224,8,-0.04795431472081224,2,2.5
3661,1606,1611,2025-08-14,2025-08-21,4182.672863792738,3617.4468011180434,8.708373900719083,-0.1351351351351352,5,-0.1361351351351352,2,2.5
3661,1781,1788,2026-05-11,2026-05-20,5159.687619047618,4479.997999999999,8.612911930794185,-0.13173076923076932,7,-0.13273076923076932,2,2.5
3665,396,410,2020-08-24,2020-09-11,206.06778511869686,204.79050545887023,8.77909447909448,-0.006198347107438051,14,-0.007198347107438051,2,2.5
3665,498,512,2021-01-19,2021-02-17,240.55433593401597,258.01049128497993,8.611906926242167,0.07256637168141578,14,0.07156637168141577,2,2.5
3665,1324,1338,2024-06-18,2024-07-08,331.8223269942081,360.7382726322748,8.876158310987257,0.08714285714285719,14,0.08614285714285719,2,2.5
3665,1342,1352,2024-07-12,2024-07-30,368.796814859277,369.58512211401745,8.674418678926502,0.002137511016848892,10,0.001137511016848892,2,2.5
3665,1355,1357,2024-08-02,2024-08-06,381.2255984010731,361.82480458931366,9.263557353976076,-0.05089058524173029,2,-0.05189058524173029,1,1.5
3665,1367,1379,2024-08-20,2024-09-05,414.2069478810642,406.4466303563604,8.90012156061171,-0.0187353629976581,12,-0.0197353629976581,1,1.5
3665,1392,1398,2024-09-25,2024-10-07,454.948614885759,422.93730509635594,8.617506024764296,-0.07036247334754797,6,-0.07136247334754797,1,1.5
3665,1409,1414,2024-10-23,2024-10-30,484.0498056033982,439.9129996816455,9.020733790033198,-0.09118236472945895,5,-0.09218236472945895,1,1.5
3665,1439,1449,2024-12-05,2024-12-19,700.368656604516,590.7541715680752,9.263104240487543,-0.15650969529085856,10,-0.15750969529085856,1,1.5
3665,1563,1577,2025-06-16,2025-07-04,716.8593313445116,838.1142926680081,9.17901440043835,0.16914749661705009,14,0.16814749661705009,1,1.5
3665,1581,1590,2025-07-10,2025-07-23,894.3765947221106,824.8799549295775,8.63553664214569,-0.0777040009797284,9,-0.0787040009797284,1,1.5
3665,1603,1614,2025-08-11,2025-08-26,964.6733126760564,930.9642760563381,8.711727624523366,-0.0349434737923946,11,-0.0359434737923946,2,2.5
3665,1618,1620,2025-09-01,2025-09-03,1036.0571549295776,956.7417746478874,8.791510165969648,-0.07655502392344504,2,-0.07755502392344504,2,2.5
3665,1623,1637,2025-09-08,2025-09-26,1060.8432112676057,972.6048507042254,8.855853633575771,-0.08317757009345794,14,-0.08417757009345794,2,2.5
3665,1648,1662,2025-10-16,2025-11-06,1184.7734929577466,1392.976366197183,8.901099398530555,0.17573221757322166,14,0.17473221757322166,1,1.5
3665,1670,1677,2025-11-18,2025-11-27,1556.564338028169,1516.906647887324,9.39600483776755,-0.02547770700636942,7,-0.026477707006369422,0,0.0
3665,1738,1752,2026-03-06,2026-03-26,1720.152309859155,1834.1681690140847,8.981217917675545,0.06628242074927959,14,0.06528242074927959,1,1.5
3665,1757,1771,2026-04-02,2026-04-24,1963.0556619718311,2776.038309859155,9.16826134322237,0.41414141414141414,14,0.41314141414141414,1,1.5
3669,398,410,2020-08-26,2020-09-11,93.37542126362287,86.25038911900909,8.636574110319511,-0.07630522088353398,12,-0.07730522088353398,2,2.5
3694,1238,1248,2024-02-01,2024-02-26,53.329644226140694,47.36333290996316,8.746526418786694,-0.11187607573149749,10,-0.1128760757314975,1,1.5
3702,1162,1176,2023-10-17,2023-11-06,60.518314054694265,63.984120586460904,8.870291250699415,0.05726872246696035,14,0.05626872246696035,1,1.5
3702,1199,1213,2023-12-07,2023-12-27,69.22726380118479,74.64814068420438,8.629852687458527,0.07830551989730394,14,0.07730551989730394,2,2.5
3702,1228,1242,2024-01-18,2024-02-16,77.58074621108383,77.31414570864025,9.126201385142009,-0.0034364261168383647,14,-0.004436426116838365,1,1.5
3702,1845,1849,2026-08-11,2026-08-17,121.74166666666665,110.63032407407405,9.093293658415483,-0.09126984126984128,4,-0.09226984126984128,1,1.5
3703,435,443,2020-10-21,2020-11-02,19.46916919297877,17.500778925306285,8.504219725343322,-0.10110294117647056,8,-0.10210294117647056,1,1.5
3706,269,283,2020-02-19,2020-03-11,20.99897474402032,21.92055984250397,8.654083270932937,0.043887147335423204,14,0.042887147335423204,1,1.5
3706,1425,1439,2024-11-15,2024-12-05,64.17,78.21000000000001,8.752512998266898,0.21879382889200572,14,0.21779382889200571,0,0.0
3706,1612,1622,2025-08-22,2025-09-05,83.43,84.2,8.763787632938104,0.009229294018938017,10,0.008229294018938016,2,2.5
3706,1659,1664,2025-11-03,2025-11-10,102.5,92.2,9.29522624539085,-0.10048780487804876,5,-0.10148780487804876,1,1.5
3708,396,410,2020-08-24,2020-09-11,86.95258605138187,127.26696685702257,9.113291107735554,0.46363636363636385,14,0.46263636363636385,2,2.5
3708,419,421,2020-09-24,2020-09-28,126.47648880201001,114.61931797682156,8.635285344456737,-0.09375000000000011,2,-0.09475000000000011,0,0.0
3708,449,454,2020-11-10,2020-11-17,140.70509379223614,128.4526839395414,8.854261865465753,-0.08707865168539342,5,-0.08807865168539342,2,2.5
3708,1295,1303,2024-05-07,2024-05-17,142.82008224232482,131.867621947668,8.864297654981506,-0.07668711656441718,8,-0.07768711656441718,2,2.5
3711,499,506,2021-01-20,2021-01-29,82.05481568577855,74.84626178441108,8.957276401141154,-0.08785046728971968,7,-0.08885046728971968,1,1.5
3711,629,635,2021-08-06,2021-08-16,100.8430678755129,91.64065863972465,8.791812044155332,-0.09125475285171103,6,-0.09225475285171103,2,2.5
3711,655,659,2021-09-13,2021-09-17,99.8901903570981,95.52990427008191,8.683258941572618,-0.04365079365079372,4,-0.04465079365079372,0,0.0
3711,983,997,2023-01-11,2023-02-10,87.17268926996753,91.46691041627135,8.532423844092854,0.049261083743842304,14,0.048261083743842303,2,2.5
3711,1030,1034,2023-03-31,2023-04-11,97.4788200210967,93.61402098942327,8.567910786843413,-0.03964757709251088,4,-0.04064757709251088,2,2.5
3711,1079,1089,2023-06-14,2023-06-30,108.64379500148662,105.02335490399602,8.518002537586291,-0.033323947285172295,10,-0.034323947285172296,2,2.5
3711,1256,1270,2024-03-08,2024-03-28,163.78091469609953,143.42396484686682,8.961645536027667,-0.12429378531073443,14,-0.12529378531073443,1,1.5
3711,1342,1348,2024-07-12,2024-07-22,179.50981169141176,160.89044292554723,8.759057552313603,-0.10372340425531923,6,-0.10472340425531923,2,2.5
3711,1653,1667,2025-10-23,2025-11-13,189.76411966987618,224.94232462173312,8.585997257310446,0.1853785900783289,14,0.1843785900783289,1,1.5
3711,1704,1718,2026-01-07,2026-01-27,274.98455983493807,311.6491678129298,8.89293854016487,0.1333333333333333,14,0.1323333333333333,2,2.5
3711,1720,1723,2026-01-29,2026-02-03,311.15370013755154,300.74887895460796,8.704221228942476,-0.03343949044585981,3,-0.03443949044585981,2,2.5
3711,1728,1737,2026-02-10,2026-03-05,354.754855570839,340.38629298486927,9.061997744014803,-0.04050279329608941,9,-0.04150279329608941,1,1.5
3711,1765,1779,2026-04-16,2026-05-07,445.9209078404401,543.0325722145805,8.54487340290464,0.21777777777777785,14,0.21677777777777785,2,2.5
3711,1782,1788,2026-05-12,2026-05-20,532.1322833562585,460.7849381017881,8.927959173398666,-0.13407821229050287,6,-0.13507821229050287,2,2.5
3711,1819,1823,2026-07-03,2026-07-09,690.0,632.0,8.947423241225785,-0.08405797101449275,4,-0.08505797101449275,2,2.5
3714,744,748,2022-01-20,2022-01-26,87.86829472219412,79.24485670710276,8.794827800446662,-0.09814049586776863,4,-0.09914049586776863,1,1.5
3714,752,757,2022-02-10,2022-02-17,93.95008784862698,84.41891951615757,9.21435193292763,-0.10144927536231885,5,-0.10244927536231885,1,1.5
3714,1766,1780,2026-04-17,2026-05-08,75.7908653846154,69.97596153846155,8.57969115497076,-0.07672301690507155,14,-0.07772301690507155,2,2.5
3715,1153,1167,2023-10-02,2023-10-24,79.23409124045263,83.44369467117325,8.878646218931783,0.05312868949232574,14,0.05212868949232574,1,1.5
3715,1595,1609,2025-07-30,2025-08-19,75.9563757702246,113.5379246173723,9.089101194591883,0.4947780678851177,14,0.4937780678851177,2,2.5
3715,1707,1721,2026-01-12,2026-01-30,142.59895348837208,140.61151162790696,8.660871574083798,-0.013937282229965153,14,-0.014937282229965154,2,2.5
3715,1748,1762,2026-03-20,2026-04-13,191.7881395348837,186.8195348837209,8.545745664261371,-0.025906735751295318,14,-0.02690673575129532,1,1.5
4119,282,285,2020-03-10,2020-03-13,91.7937721557848,68.92699617391669,8.967012204571724,-0.2491103202846976,3,-0.2501103202846976,0,0.0
4142,328,340,2020-05-18,2020-06-03,43.895802919708025,46.96751824817518,8.64851861813982,0.06997742663656892,12,0.06897742663656892,2,2.5
4164,1041,1043,2023-04-20,2023-04-24,64.39842147272128,57.67934497759995,8.781856869276943,-0.10433604336043367,2,-0.10533604336043367,2,2.5
4536,1013,1016,2023-03-08,2023-03-13,196.967553608217,172.34660940718987,8.759040361344017,-0.125,3,-0.126,2,2.5
4551,252,257,2020-01-16,2020-02-03,158.15023209804315,133.85110789547923,8.80263956789287,-0.15364583333333326,5,-0.15464583333333326,2,2.5
4576,1477,1490,2025-02-07,2025-02-26,165.60510728146554,156.1561672263669,8.75124803704163,-0.05705705705705699,13,-0.05805705705705699,1,1.5
4739,682,696,2021-10-25,2021-11-12,116.03133492124428,133.8139149858028,8.889221532401972,0.15325670498084287,14,0.15225670498084287,1,1.5
4746,320,323,2020-05-06,2020-05-11,52.690705697685665,42.15256455814853,8.669735266444274,-0.19999999999999996,3,-0.20099999999999996,2,2.5
4755,778,792,2022-03-21,2022-04-12,160.81271699857587,167.6558113389408,8.618187393944979,0.042553191489361764,14,0.04155319148936176,1,1.5
4755,828,835,2022-06-02,2022-06-14,192.8897217190365,163.80657077248551,9.002055481762497,-0.1507760532150777,7,-0.1517760532150777,1,1.5
4763,976,990,2022-12-30,2023-02-01,131.61836294635555,200.72668544325464,8.602011958880261,0.525065963060686,14,0.524065963060686,2,2.5
4763,1000,1014,2023-02-15,2023-03-09,204.19946546822442,238.2327097129285,8.547676294030577,0.16666666666666674,14,0.16566666666666674,2,2.5
4763,1057,1069,2023-05-15,2023-05-31,373.6711306867508,378.53302272170856,8.63179325357125,0.013011152416356975,12,0.012011152416356974,1,1.5
4763,1095,1109,2023-07-10,2023-07-28,453.5450712610563,681.6672064313775,8.51579182079255,0.5029756679662301,14,0.50197566796623,2,2.5
4763,1144,1158,2023-09-18,2023-10-11,834.3322578717382,911.1106852671518,8.8389707278024,0.09202380307248847,14,0.09102380307248847,1,1.5
4763,1160,1171,2023-10-13,2023-10-30,955.8527278472352,862.3011842706973,8.527016129032258,-0.09787234042553195,11,-0.09887234042553195,1,1.5
4763,1442,1451,2024-12-10,2024-12-23,917.241330280516,875.7683956574185,8.528273545983458,-0.04521485595335517,9,-0.04621485595335517,1,1.5
4904,796,810,2022-04-18,2022-05-09,61.11831211081898,64.3092280041549,8.59340317667674,0.052208835341365445,14,0.051208835341365444,0,0.0
4904,812,822,2022-05-11,2022-05-25,66.51832362261824,65.86377677270318,8.956270200863313,-0.009840098400983988,10,-0.010840098400983988,0,0.0
4904,841,855,2022-06-22,2022-07-12,67.50014389749083,67.50014389749083,8.502654660143373,0.0,14,-0.001,0,0.0
4904,1358,1372,2024-08-07,2024-08-27,80.38089406737443,82.69068987390817,8.534478876518481,0.028735632183908066,14,0.027735632183908066,0,0.0
4915,509,523,2021-02-03,2021-03-05,43.553242326202096,43.119156854512376,8.981745915935322,-0.009966777408637828,14,-0.010966777408637829,1,1.5
4915,847,851,2022-06-30,2022-07-06,50.70226171329687,48.28786829837797,8.800189614454911,-0.04761904761904756,4,-0.04861904761904756,0,0.0
4915,861,875,2022-07-20,2022-08-09,53.43857425020496,56.818725031091404,8.684270360861506,0.06325301204819245,14,0.062253012048192446,0,0.0
4915,1295,1304,2024-05-07,2024-05-20,82.13377695404054,79.13931633592449,8.930863830155605,-0.03645833333333326,9,-0.03745833333333326,2,2.5
4919,555,562,2021-04-22,2021-05-04,66.0435200030339,59.64089455785266,8.87824362619532,-0.09694555112881809,7,-0.09794555112881809,2,2.5
4919,581,595,2021-05-31,2021-06-21,72.18302385457756,68.93785753304734,9.533378635768422,-0.04495747266099637,14,-0.04595747266099637,1,1.5
4919,609,623,2021-07-09,2021-07-29,85.07598194281924,117.52764515812142,9.107779986790234,0.38144329896907214,14,0.38044329896907214,2,2.5
4919,1780,1786,2026-05-08,2026-05-18,172.5,150.0,9.254671803897999,-0.13043478260869568,6,-0.13143478260869568,2,2.5
4927,267,281,2020-02-17,2020-03-09,46.48589685854076,44.33092150748258,9.470794714312303,-0.04635761589403975,14,-0.04735761589403975,0,0.0
4927,326,340,2020-05-14,2020-06-03,47.94820156104453,53.643493560269725,8.723598825947246,0.1187800963081862,14,0.1177800963081862,2,2.5
4927,354,368,2020-06-23,2020-07-15,56.10632253290765,61.185907288973354,8.793592083286335,0.09053497942386812,14,0.08953497942386812,2,2.5
4927,679,693,2021-10-20,2021-11-09,65.19358656446725,72.15763763892127,8.538708145398108,0.10682110682110668,14,0.10582110682110668,1,1.5
4927,698,711,2021-11-16,2021-12-03,86.42135670708014,82.22614521644518,8.72158562257947,-0.04854368932038833,13,-0.04954368932038833,2,2.5
4927,723,737,2021-12-21,2022-01-11,96.07034313554054,107.39741416025493,8.892962493265253,0.11790393013100431,14,0.11690393013100431,2,2.5
4938,1213,1219,2023-12-27,2024-01-05,77.01965815121852,74.13797026120695,8.525460049501104,-0.0374149659863946,6,-0.0384149659863946,2,2.5
4938,1264,1278,2024-03-20,2024-04-11,91.25344985036662,87.76049483217076,9.016822238024178,-0.03827751196172258,14,-0.03927751196172258,2,2.5
4958,822,836,2022-05-25,2022-06-15,93.06640231555117,97.23978358530682,8.80851265173652,0.04484304932735417,14,0.04384304932735417,0,0.0
4958,877,886,2022-08-11,2022-08-24,104.88573304367048,100.95251805453285,8.805156926406926,-0.03749999999999998,9,-0.03849999999999998,1,1.5
4958,959,961,2022-12-07,2022-12-09,111.4410913588999,103.13763749294264,8.514022012524565,-0.0745098039215687,2,-0.0755098039215687,2,2.5
4958,1274,1281,2024-04-03,2024-04-16,119.9096878920918,104.69038135194168,8.682533148942397,-0.12692307692307692,7,-0.12792307692307692,2,2.5
4958,1609,1623,2025-08-19,2025-09-08,170.82944444444442,172.81583333333333,8.619273900314981,0.011627906976744207,14,0.010627906976744206,2,2.5
4958,1722,1736,2026-02-02,2026-03-04,194.16951388888887,185.7273611111111,8.638570703490059,-0.04347826086956519,14,-0.04447826086956519,1,1.5
4958,1753,1767,2026-03-27,2026-04-20,212.5436111111111,290.509375,8.913145649865719,0.3668224299065421,14,0.3658224299065421,1,1.5
4958,1769,1783,2026-04-22,2026-05-13,317.8222222222222,402.24375,8.679871474121413,0.265625,14,0.264625,2,2.5
4958,1790,1804,2026-05-22,2026-06-11,477.72652777777773,509.0,9.454639168510237,0.06546312671330168,14,0.06446312671330168,2,2.5
4958,1807,1821,2026-06-16,2026-07-07,596.0,581.0,9.1704439732764,-0.025167785234899376,14,-0.026167785234899377,2,2.5
4961,485,499,2020-12-30,2021-01-20,79.02127031750554,110.56046154072047,8.585063969566205,0.3991228070175439,14,0.3981228070175439,2,2.5
4961,514,528,2021-02-19,2021-03-12,146.95183602904538,150.41768121840965,8.990000000000002,0.02358490566037741,14,0.022584905660377408,2,2.5
4961,530,544,2021-03-16,2021-04-07,170.51958331672247,235.67747287677088,8.94848484848485,0.38211382113821135,14,0.38111382113821135,2,2.5
4967,1176,1190,2023-11-06,2023-11-24,85.04015312188409,81.99971427787307,8.827478966857921,-0.03575297941495126,14,-0.03675297941495126,1,1.5
4967,1655,1669,2025-10-28,2025-11-17,130.76836363636363,144.32952727272726,8.520998412041795,0.10370370370370363,14,0.10270370370370363,1,1.5
4967,1720,1726,2026-01-29,2026-02-06,250.88152727272725,200.70522181818183,8.534236286290426,-0.19999999999999996,6,-0.20099999999999996,2,2.5
4968,491,505,2021-01-08,2021-01-28,293.35965863162545,381.3004258644468,8.588961408678358,0.29977116704805495,14,0.29877116704805495,2,2.5
4968,541,548,2021-03-31,2021-04-13,423.5925505642006,394.726497197702,8.534418901327546,-0.06814580031695727,7,-0.06914580031695727,2,2.5
4968,1243,1257,2024-02-19,2024-03-11,217.15437884645127,220.5779839183548,8.918115814114126,0.015765765765765716,14,0.014765765765765715,2,2.5
4968,1328,1342,2024-06-24,2024-07-12,239.1632685944024,220.5779839183548,8.69791674940475,-0.07770961145194266,14,-0.07870961145194266,2,2.5
4976,516,530,2021-02-23,2021-03-16,110.84163701067617,112.76097271648875,8.527400431655751,0.017316017316017396,14,0.016316017316017395,2,2.5
4977,251,257,2020-01-15,2020-02-03,90.82080905722033,75.87088164039393,8.6878194490541,-0.16460905349794241,6,-0.16560905349794242,2,2.5
4977,336,347,2020-05-28,2020-06-12,95.67953546768891,87.83082357385506,8.708861168071696,-0.08203125,11,-0.08303125,2,2.5
4977,367,376,2020-07-14,2020-07-27,115.40843549809493,105.02167630326639,9.265542085573125,-0.08999999999999997,9,-0.09099999999999997,2,2.5
4977,1004,1006,2023-02-21,2023-02-23,104.41231759578753,95.27623980615613,9.129959489947346,-0.08749999999999991,2,-0.08849999999999991,2,2.5
4977,1437,1451,2024-12-03,2024-12-23,120.60158684187326,128.91893765855417,8.804689045436325,0.06896551724137923,14,0.06796551724137923,1,1.5
4977,1769,1773,2026-04-22,2026-04-28,236.93479850746272,195.23427397014927,8.736474660835984,-0.17600000000000005,4,-0.17700000000000005,2,2.5
5215,355,369,2020-06-24,2020-07-16,82.50036585510472,89.4010863103607,8.936823834025992,0.08364472549583235,14,0.08264472549583235,2,2.5
5215,375,378,2020-07-24,2020-07-29,102.12354859298895,93.5272902939158,8.558330671776856,-0.08417508417508435,3,-0.08517508417508435,2,2.5
5222,1051,1056,2023-05-05,2023-05-12,140.57211907805996,124.03422271593526,9.006140269633308,-0.11764705882352944,5,-0.11864705882352944,2,2.5
5234,1609,1623,2025-08-19,2025-09-08,323.0529336734694,423.8533163265306,9.011110677632878,0.31202435312024357,14,0.31102435312024357,2,2.5
5243,1070,1080,2023-06-01,2023-06-15,83.14951847981932,76.63163909170358,8.661703665071508,-0.07838745800671898,10,-0.07938745800671898,2,2.5
5258,1007,1020,2023-02-24,2023-03-17,81.24982075766216,78.92100423913044,9.179104295073984,-0.02866242038216571,13,-0.02966242038216571,2,2.5
5258,1175,1189,2023-11-03,2023-11-23,123.97183559040155,129.89696008553102,8.981865049207734,0.047794117647058654,14,0.04679411764705865,1,1.5
5258,1191,1196,2023-11-27,2023-12-04,138.55675742456643,128.98540247089574,9.401515289961015,-0.0690789473684209,5,-0.07007894736842091,2,2.5
5269,253,267,2020-01-17,2020-02-17,703.6181554589803,829.7051181540105,9.024411133821605,0.1791979949874687,14,0.1781979949874687,2,2.5
5269,627,631,2021-08-04,2021-08-10,1966.3609348758484,1704.4753927592005,8.861289906283607,-0.13318284424379234,4,-0.13418284424379234,2,2.5
5269,648,658,2021-09-02,2021-09-16,2058.2196798482964,1878.462502568969,8.916212874945337,-0.08733624454148481,10,-0.08833624454148481,1,1.5
5269,1157,1163,2023-10-06,2023-10-18,1221.199899016058,1136.3288635632045,8.511565452854263,-0.06949806949806947,6,-0.07049806949806947,1,1.5
5269,1168,1176,2023-10-25,2023-11-06,1211.769783965741,1178.7643812896313,9.07809443484744,-0.027237354085603127,8,-0.028237354085603128,1,1.5
5269,1179,1193,2023-11-09,2023-11-29,1301.355876943753,1400.372084972082,8.760773406269905,0.07608695652173902,14,0.07508695652173902,1,1.5
5269,1204,1218,2023-12-14,2024-01-04,1640.8400187551667,1574.8292134029475,9.286059849303406,-0.04022988505747116,14,-0.04122988505747116,2,2.5
5269,1222,1233,2024-01-10,2024-01-25,1754.0013993589714,1739.856226783496,9.263575833583815,-0.008064516129032251,11,-0.009064516129032252,2,2.5
5269,1239,1241,2024-02-02,2024-02-15,1848.3025498621419,1815.2971471860321,9.119352921034453,-0.017857142857142905,2,-0.018857142857142906,1,1.5
5269,1244,1258,2024-02-20,2024-03-12,1886.02301006341,2211.361979299348,9.313272625196744,0.17249999999999988,14,0.17149999999999987,2,2.5
5269,1272,1278,2024-04-01,2024-04-11,2277.3727846515676,2211.361979299348,8.681405798369555,-0.02898550724637683,6,-0.02998550724637683,2,2.5
5284,1055,1069,2023-05-11,2023-05-31,127.91886787976799,144.35288910043263,9.228688169407494,0.12847222222222232,14,0.12747222222222232,1,1.5
5388,801,809,2022-04-25,2022-05-06,71.84593883552786,65.48637008692852,9.12563587381712,-0.0885167464114831,8,-0.0895167464114831,0,0.0
5388,854,868,2022-07-11,2022-07-29,75.19760344627618,77.0023459289868,8.97929149696013,0.02400000000000002,14,0.02300000000000002,0,0.0
5388,873,887,2022-08-05,2022-08-25,77.08828604721113,82.76033385001595,8.577661881670306,0.0735785953177257,14,0.0725785953177257,1,1.5
5388,1139,1152,2023-09-11,2023-09-28,115.96700218140937,110.55220052313344,8.503345326024442,-0.04669260700389111,13,-0.04769260700389111,1,1.5
5388,1205,1219,2023-12-15,2024-01-05,127.6990724410072,118.67440301054732,9.207863480445482,-0.07067137809187285,14,-0.07167137809187285,2,2.5
5388,1266,1272,2024-03-22,2024-04-01,133.11387409928312,127.61791534181242,8.662042180968694,-0.04128764784782346,6,-0.04228764784782346,2,2.5
5471,322,336,2020-05-08,2020-05-28,42.545961719933665,41.382311484858555,8.690976216960646,-0.027350427350427364,14,-0.028350427350427365,2,2.5
5471,413,427,2020-09-16,2020-10-08,50.551890894071725,54.17351889842313,8.864821465984257,0.07164179104477619,14,0.07064179104477619,2,2.5
5871,450,464,2020-11-11,2020-12-01,106.71061363337074,105.03277379636805,8.635680141708285,-0.01572327044025168,14,-0.01672327044025168,2,2.5
5871,528,542,2021-03-12,2021-04-01,126.50912371000241,131.54264322101048,8.887433236484284,0.03978779840848823,14,0.03878779840848823,2,2.5
5871,626,640,2021-08-03,2021-08-23,160.0659204500561,170.62715956951664,8.513773819386909,0.06598056032018307,14,0.06498056032018307,2,2.5
5871,647,660,2021-09-01,2021-09-22,192.22553419856936,174.22688867435875,8.74221764168464,-0.09363295880149813,13,-0.09463295880149813,1,1.5
5880,785,797,2022-03-30,2022-04-19,21.20435543172772,21.09372401208392,8.782013659915215,-0.005217391304347951,12,-0.006217391304347951,1,1.5
6116,468,482,2020-12-07,2020-12-25,11.747575827840164,11.43370929808871,8.523468259079836,-0.026717557251908386,14,-0.027717557251908387,2,2.5
6116,554,565,2021-04-21,2021-05-07,17.53168759040269,19.68391522298409,8.506478164395386,0.12276214833759558,11,0.12176214833759558,2,2.5
6139,1169,1183,2023-10-26,2023-11-15,116.3315744283606,119.45157834023233,8.868117031184047,0.026819923371647514,14,0.025819923371647513,0,0.0
6139,1269,1283,2024-03-27,2024-04-18,186.10786247603204,298.9413733008727,9.009445253365026,0.606280193236715,14,0.605280193236715,2,2.5
6139,1568,1582,2025-06-23,2025-07-11,277.3266662810874,283.86298501498504,9.238690764023211,0.02356902356902335,14,0.02256902356902335,1,1.5
6139,1648,1662,2025-10-16,2025-11-06,444.80454545454546,459.84155844155845,9.590675070878245,0.03380588876772084,14,0.03280588876772084,1,1.5
6139,1687,1701,2025-12-11,2026-01-02,504.46753246753246,537.4519480519481,8.779673087280988,0.06538461538461537,14,0.06438461538461537,1,1.5
6139,1710,1714,2026-01-15,2026-01-21,595.6597402597403,560.735064935065,8.694015091271602,-0.05863192182410415,4,-0.05963192182410415,2,2.5
6139,1816,1826,2026-06-30,2026-07-15,941.025974025974,834.3116883116884,9.152661441417564,-0.11340206185567003,10,-0.11440206185567003,2,2.5
6176,379,388,2020-07-30,2020-08-12,84.37658958181156,78.30147513192112,8.799579714901501,-0.07200000000000006,9,-0.07300000000000006,2,2.5
6176,1141,1151,2023-09-13,2023-09-27,109.0521020843256,105.63085966599381,8.627395833333335,-0.03137254901960784,10,-0.032372549019607844,1,1.5
6176,1291,1305,2024-04-30,2024-05-21,168.9238444051318,169.35149970742327,8.947876989305325,0.0025316455696202667,14,0.0015316455696202666,2,2.5
6176,1317,1328,2024-06-06,2024-06-24,184.31943528762483,165.36583912363065,8.774346911799189,-0.10283015534643791,11,-0.10383015534643791,2,2.5
6191,1150,1158,2023-09-26,2023-10-11,55.19610027383979,52.159421617997474,8.755841089314817,-0.055016181229773364,8,-0.056016181229773365,1,1.5
6191,1205,1208,2023-12-15,2023-12-20,67.07487266287004,58.1434648515691,8.574792155707566,-0.13315579227696406,3,-0.13415579227696406,2,2.5
6196,365,379,2020-07-10,2020-07-30,89.99677186983875,97.16814067555023,8.600587842655381,0.07968473376004348,14,0.07868473376004348,2,2.5
6196,1609,1623,2025-08-19,2025-09-08,235.65651571164506,261.84057301293893,8.62741276064466,0.11111111111111094,14,0.11011111111111094,2,2.5
6196,1705,1708,2026-01-08,2026-01-13,296.4232902033271,281.60212569316076,8.785585742214774,-0.04999999999999993,3,-0.050999999999999934,1,1.5
6196,1806,1820,2026-06-15,2026-07-06,573.0850277264324,595.0,8.979981542303413,0.03824035040752971,14,0.03724035040752971,2,2.5
6197,1323,1337,2024-06-17,2024-07-05,183.20123386720928,178.4866428106701,8.697151990700378,-0.025734494015233977,14,-0.02673449401523398,2,2.5
6197,1799,1813,2026-06-04,2026-06-25,311.6674137931034,354.3011637931034,8.802110562745256,0.1367924528301887,14,0.1357924528301887,2,2.5
6213,660,666,2021-09-22,2021-09-30,134.62887748532646,126.45651751017884,8.61815403852571,-0.060702875399361034,6,-0.061702875399361035,0,0.0
6213,1133,1142,2023-09-01,2023-09-14,94.91343963553533,82.3541865120453,8.82824168849645,-0.1323232323232323,9,-0.1333232323232323,1,1.5
6213,1274,1288,2024-04-03,2024-04-25,111.69106785393802,105.9387381790571,9.24157875431003,-0.05150214592274671,14,-0.05250214592274671,2,2.5
6213,1338,1340,2024-07-08,2024-07-10,122.71636639745981,111.21170704769796,9.05535429644068,-0.09375,2,-0.09475,2,2.5
6213,1608,1622,2025-08-18,2025-09-05,127.42916666666669,127.42916666666669,9.085477807421782,0.0,14,-0.001,2,2.5
6213,1757,1771,2026-04-02,2026-04-24,166.10416666666669,274.6916666666667,9.023671497584541,0.6537313432835823,14,0.6527313432835823,1,1.5
6213,1848,1862,2026-08-14,2026-09-03,463.0,550.0,8.628939187346605,0.1879049676025919,14,0.1869049676025919,1,1.5
6235,1006,1020,2023-02-23,2023-03-17,49.37965331508371,64.19354930960883,9.079598141438565,0.30000000000000004,14,0.29900000000000004,2,2.5
6235,1070,1084,2023-06-01,2023-06-21,113.63371690571593,137.65385218659898,8.754218842867413,0.21138211382113825,14,0.21038211382113825,2,2.5
6239,252,266,2020-01-16,2020-02-14,80.18395416399248,81.95012055526985,9.282448653400465,0.022026431718061623,14,0.021026431718061622,2,2.5
6239,1164,1173,2023-10-19,2023-11-01,96.7198774114543,93.59988136592352,8.504571511853868,-0.032258064516129004,9,-0.033258064516129004,1,1.5
6239,1253,1267,2024-03-05,2024-03-25,147.97695530231718,171.59978250419312,8.518378613807602,0.15963855421686746,14,0.15863855421686746,2,2.5
6239,1632,1646,2025-09-19,2025-10-14,149.06437768240343,152.49678111587983,8.923650401762925,0.023026315789473673,14,0.02202631578947367,2,2.5
6239,1702,1716,2026-01-05,2026-01-23,188.29184549356225,252.52682403433477,8.564664757539187,0.34114583333333326,14,0.34014583333333326,1,1.5
6257,362,376,2020-07-07,2020-07-27,31.01337738532583,32.74076006902481,8.82785765745507,0.055697986782835995,14,0.054697986782835994,2,2.5
6257,502,508,2021-01-25,2021-02-02,38.950848118031764,35.75393888570274,8.985027717422204,-0.08207547169811336,6,-0.08307547169811336,1,1.5
6257,1710,1723,2026-01-15,2026-02-03,127.48397435897435,126.99175824175823,8.637511029102185,-0.0038610038610038533,13,-0.004861003861003853,2,2.5
6257,1755,1769,2026-03-31,2026-04-22,144.71153846153845,187.04212454212453,8.600836051327564,0.29251700680272097,14,0.29151700680272097,0,0.0
6257,1779,1793,2026-05-07,2026-05-27,201.80860805860806,238.23260073260073,8.620997509286381,0.18048780487804872,14,0.17948780487804872,2,2.5
6269,361,375,2020-07-06,2020-07-24,109.44601739322273,117.77343176009838,9.019766647262415,0.07608695652173925,14,0.07508695652173925,2,2.5
6271,1733,1736,2026-02-26,2026-03-04,192.06875000000002,153.65500000000003,9.024298428793175,-0.19999999999999996,3,-0.20099999999999996,2,2.5
6271,1814,1822,2026-06-26,2026-07-08,266.0,250.0,8.757086153829741,-0.06015037593984962,8,-0.06115037593984962,1,1.5
6278,332,346,2020-05-22,2020-06-11,89.63690795191897,86.3575088805073,9.471629574057102,-0.03658536585365857,14,-0.03758536585365857,2,2.5
6278,737,747,2022-01-11,2022-01-25,104.29901143509316,99.69758446001553,8.520366164994623,-0.044117647058823484,10,-0.045117647058823485,1,1.5
6278,1782,1796,2026-05-12,2026-06-01,213.873,215.331225,8.90567614235245,0.006818181818181834,14,0.005818181818181834,2,2.5
6282,997,1011,2023-02-10,2023-03-06,34.95123620994003,35.668184645015714,9.217575387506985,0.020512820512820218,14,0.019512820512820217,2,2.5
6282,1013,1024,2023-03-08,2023-03-23,36.78841657482148,35.71299392220795,8.548946185652833,-0.029232643118148438,11,-0.03023264311814844,2,2.5
6282,1072,1086,2023-06-05,2023-06-27,45.16775140976865,43.41963350765398,9.268021456571075,-0.03870278788632808,14,-0.039702787886328084,2,2.5
6282,1708,1722,2026-01-13,2026-02-02,48.67154811715482,47.98326359832637,8.550177308990147,-0.014141414141414121,14,-0.015141414141414122,2,2.5
6285,404,418,2020-09-03,2020-09-23,69.11599211795122,65.27621477806504,8.567170566605782,-0.05555555555555558,14,-0.05655555555555558,2,2.5
6285,883,896,2022-08-19,2022-09-07,72.17085648755817,69.18153107091375,8.565733157009891,-0.041420118343195256,13,-0.04242011834319526,2,2.5
6285,899,904,2022-09-13,2022-09-20,76.61213996371559,70.88971702328199,9.273708473128659,-0.07469342251950939,5,-0.07569342251950939,2,2.5
6285,916,921,2022-10-06,2022-10-14,75.50181909467624,73.45199595183435,8.619231201064263,-0.02714932126696834,5,-0.02814932126696834,0,0.0
6285,1030,1043,2023-03-31,2023-04-24,88.39862303505645,79.00360029703113,8.83689195364101,-0.10628019323671489,13,-0.1072801932367149,2,2.5
6285,1094,1108,2023-07-07,2023-07-27,93.0961344040691,96.53861074329079,8.593815493815494,0.036977650696860875,14,0.035977650696860874,2,2.5
6285,1115,1129,2023-08-08,2023-08-28,107.66057050634272,114.77862475469595,8.582442090004818,0.06611570247933884,14,0.06511570247933884,1,1.5
6285,1203,1217,2023-12-13,2024-01-03,141.5824080295555,141.5824080295555,8.701715799283857,0.0,14,-0.001,2,2.5
6285,1721,1735,2026-01-30,2026-03-03,173.56853564547205,183.4024470134875,8.619816066335229,0.056657223796034106,14,0.055657223796034105,1,1.5
6285,1760,1772,2026-04-09,2026-04-27,219.29622350674373,208.97061657032756,9.393337437475953,-0.04708520179372189,12,-0.04808520179372189,1,1.5
6288,420,430,2020-09-25,2020-10-14,36.899913190527855,31.728334447915994,8.737115009746589,-0.14015151515151525,10,-0.14115151515151525,0,0.0
6414,357,371,2020-06-30,2020-07-20,192.07470139371958,194.93083078247375,8.646286844880954,0.014869888475836257,14,0.013869888475836256,2,2.5
6414,390,403,2020-08-14,2020-09-02,221.35002762845005,210.63954242062184,9.207266916263356,-0.048387096774193505,13,-0.049387096774193506,2,2.5
6414,1100,1106,2023-07-17,2023-07-25,275.72077891738195,249.72546591280653,8.721676562372767,-0.09428129829984544,6,-0.09528129829984544,2,2.5
6414,1266,1280,2024-03-22,2024-04-15,298.46596754193183,302.9206834753935,8.86886040187554,0.014925373134328401,14,0.0139253731343284,2,2.5
6415,341,355,2020-06-04,2020-06-24,1578.4641642604126,1808.7568082862479,8.884777288301517,0.14589665653495443,14,0.14489665653495443,2,2.5
6415,515,520,2021-02-22,2021-03-02,2944.089649393495,2775.4429427997597,8.84250727039452,-0.057283142389525366,5,-0.058283142389525366,2,2.5
6415,577,589,2021-05-25,2021-06-10,3541.5808384684437,3112.7363559872306,8.532572225763833,-0.1210884353741497,12,-0.1220884353741497,0,0.0
6415,701,704,2021-11-19,2021-11-24,5121.023845727257,4550.947606297242,8.881571406885715,-0.11132075471698111,3,-0.11232075471698111,2,2.5
6415,1323,1331,2024-06-17,2024-06-27,522.483094382088,472.6993278419079,8.52309406180374,-0.09528301886792445,8,-0.09628301886792445,2,2.5
6415,1785,1799,2026-05-15,2026-06-04,490.5,581.0,8.747127935722775,0.1845056065239552,14,0.1835056065239552,1,1.5
6415,1811,1815,2026-06-23,2026-06-29,668.0,572.0,8.677632856987696,-0.14371257485029942,4,-0.14471257485029942,2,2.5
6416,356,370,2020-06-29,2020-07-17,129.09886115085348,134.83658831311365,8.88715604684355,0.04444444444444451,14,0.04344444444444451,2,2.5
6438,1428,1435,2024-11-20,2024-11-29,205.66778305683476,197.73954652176405,9.31021307716635,-0.038548752834467015,7,-0.039548752834467016,0,0.0
6442,1337,1351,2024-07-05,2024-07-29,409.37801216986315,418.17836675863924,8.816286149162863,0.021496891203635515,14,0.020496891203635514,2,2.5
6442,1442,1456,2024-12-10,2024-12-30,534.8793063191897,625.3225344786164,8.624098073555167,0.16909090909090918,14,0.16809090909090918,1,1.5
6442,1607,1621,2025-08-15,2025-09-04,723.7492015209125,991.4372623574144,8.88020236625789,0.36986301369863006,14,0.36886301369863006,2,2.5
6442,1657,1671,2025-10-30,2025-11-19,986.4800760456272,1026.137566539924,9.367567511853226,0.0402010050251258,14,0.0392010050251258,1,1.5
6442,1724,1738,2026-02-04,2026-03-06,1814.3301901140683,1923.3882889733839,8.532768504570074,0.060109289617486406,14,0.059109289617486405,2,2.5
6443,403,417,2020-09-02,2020-09-22,18.617169701826988,23.523665165116366,9.090847337067665,0.2635467980295567,14,0.2625467980295567,2,2.5
6443,419,433,2020-09-24,2020-10-19,24.76175280538565,32.557119429303356,8.5856366502193,0.3148148148148149,14,0.3138148148148149,0,0.0
6443,459,472,2020-11-24,2020-12-11,38.37686601898352,37.94512627626995,8.900394611773965,-0.011250000000000093,13,-0.012250000000000094,2,2.5
6443,545,549,2021-04-08,2021-04-14,45.284701902400556,42.88614777621409,8.515085320946726,-0.052966101694915224,4,-0.053966101694915225,2,2.5
6446,1719,1733,2026-01-28,2026-02-26,652.0400784313725,679.9589215686275,8.676398039289596,0.04281767955801108,14,0.04181767955801108,2,2.5
6446,1796,1810,2026-06-01,2026-06-22,862.7823137254902,954.6443137254903,8.587246618184814,0.10647181628392488,14,0.10547181628392488,2,2.5
6446,1813,1827,2026-06-25,2026-07-16,1049.208137254902,1335.0,8.789816363379181,0.2723881493073719,14,0.2713881493073719,2,2.5
6446,1857,1860,2026-08-27,2026-09-01,1600.0,1375.0,9.086631077800837,-0.140625,3,-0.141625,1,1.5
6449,1642,1650,2025-10-07,2025-10-20,215.85815635939326,200.5104434072346,9.224999070741887,-0.07110091743119251,8,-0.07210091743119251,2,2.5
6451,1762,1772,2026-04-13,2026-04-27,441.7777371428571,395.8008685714285,8.681207558764788,-0.10407239819004532,10,-0.10507239819004532,2,2.5
6477,430,444,2020-10-14,2020-11-03,49.003762550257655,52.31241075164366,8.800672789312562,0.06751824817518237,14,0.06651824817518237,1,1.5
6491,477,489,2020-12-18,2021-01-06,246.98393306920713,235.40656120658804,8.533690008668309,-0.046875,12,-0.047875,2,2.5
6504,322,335,2020-05-08,2020-05-27,211.3928235884823,189.11882826007363,9.047467944426858,-0.10536779324055656,13,-0.10636779324055656,2,2.5
6504,340,354,2020-06-03,2020-06-23,217.69678453048473,222.31968922128655,9.02510610546485,0.021235521235521304,14,0.020235521235521303,2,2.5
6515,996,1010,2023-02-09,2023-03-03,502.526379868637,576.5927679462906,9.363317229761943,0.1473880597014925,14,0.1463880597014925,2,2.5
6515,1023,1037,2023-03-22,2023-04-14,654.4093528886355,672.2227879959192,9.404282551263474,0.027220630372492893,14,0.026220630372492892,2,2.5
6515,1067,1081,2023-05-29,2023-06-16,806.292325908634,755.6646682353011,8.796443474817623,-0.0627906976744187,14,-0.0637906976744187,2,2.5
6515,1092,1106,2023-07-05,2023-07-25,859.7326312304853,807.7077965545142,8.962658778003606,-0.06051280687288907,14,-0.06151280687288907,2,2.5
6515,1326,1340,2024-06-20,2024-07-10,986.7705500219035,1025.2786690471485,8.508237219902846,0.03902439024390225,14,0.03802439024390225,2,2.5
6515,1376,1390,2024-09-02,2024-09-23,1148.8984829634182,1299.8131142001384,8.64641011443337,0.13135593220338992,14,0.13035593220338992,1,1.5
6515,1485,1499,2025-02-19,2025-03-12,1397.1773924173772,1372.8363228630676,8.884781983160384,-0.017421602787456303,14,-0.018421602787456304,2,2.5
6515,1619,1633,2025-09-02,2025-09-22,1498.9154565701563,1811.6031180400894,9.047337140042389,0.20860927152317865,14,0.20760927152317865,2,2.5
6515,1639,1653,2025-10-01,2025-10-23,2278.152962138085,2422.0885523385305,9.28747986557563,0.06318082788671031,14,0.06218082788671031,2,2.5
6515,1690,1692,2025-12-16,2025-12-18,2754.6293986636974,2551.1342538975505,8.64608678335507,-0.0738738738738739,2,-0.0748738738738739,1,1.5
6515,1703,1717,2026-01-06,2026-01-26,3037.5372828507802,3930.9306013363034,8.809856223018953,0.2941176470588234,14,0.29311764705882337,1,1.5
6515,1724,1738,2026-02-04,2026-03-06,4466.966592427618,4739.947884187083,9.458636316679444,0.061111111111111116,14,0.060111111111111115,2,2.5
6515,1741,1755,2026-03-11,2026-03-31,5553.928463251671,7028.027438752785,9.094318698608275,0.2654155495978554,14,0.2644155495978554,1,1.5
6515,1765,1779,2026-04-16,2026-05-07,9678.427616926505,10055.638129175948,9.02722889474382,0.03897435897435897,14,0.03797435897435897,2,2.5
6531,341,355,2020-06-04,2020-06-24,250.6231782840362,421.1549279602475,9.562799804209497,0.6804308797127467,14,0.6794308797127467,2,2.5
6531,539,547,2021-03-29,2021-04-12,793.7336538613163,712.5563483527725,8.994681419969979,-0.1022727272727274,8,-0.1032727272727274,2,2.5
6531,1150,1162,2023-09-26,2023-10-17,375.4913988315951,359.76650522570344,8.573011218714452,-0.04187817258883253,12,-0.04287817258883253,1,1.5
6531,1175,1189,2023-11-03,2023-11-23,371.67930341198496,435.5319016904542,8.506554606844464,0.17179487179487185,14,0.17079487179487185,1,1.5
6531,1214,1228,2023-12-28,2024-01-18,452.68633107869965,505.1026430983386,8.727356932082367,0.11578947368421066,14,0.11478947368421066,2,2.5
6531,1598,1602,2025-08-04,2025-08-08,346.6199902439024,310.8654926829268,8.687377459845782,-0.1031518624641834,4,-0.1041518624641834,2,2.5
6531,1663,1674,2025-11-07,2025-11-24,405.2176390243902,384.8574390243902,8.850198779450166,-0.05024509803921573,11,-0.05124509803921573,1,1.5
6531,1701,1715,2026-01-02,2026-01-22,445.9380390243902,498.5766048780488,8.67275854571433,0.11804008908685981,14,0.11704008908685981,1,1.5
6531,1745,1755,2026-03-17,2026-03-31,530.3583804878049,472.25732195121947,8.82527118491994,-0.10955056179775291,10,-0.11055056179775291,1,1.5
6531,1768,1782,2026-04-21,2026-05-12,720.0558536585365,966.3646146341463,8.683743467766396,0.3420689655172413,14,0.3410689655172413,2,2.5
6531,1796,1801,2026-06-01,2026-06-08,1231.5438048780488,902.8010634146341,9.374290958072745,-0.26693548387096777,5,-0.26793548387096777,2,2.5
6533,997,1004,2023-02-10,2023-02-21,586.7434330281264,539.4095090191347,8.742813359719985,-0.08067226890756307,7,-0.08167226890756307,2,2.5
6582,438,450,2020-10-26,2020-11-11,157.99040817805843,144.38357876559408,8.723462902597538,-0.08612440191387549,12,-0.0871244019138755,2,2.5
6669,324,338,2020-05-12,2020-06-01,238.81103722827757,220.60814815627006,8.588461538461539,-0.07622298065984079,14,-0.07722298065984079,2,2.5
6669,1024,1038,2023-03-23,2023-04-17,321.84768977278407,353.1384373895825,9.141331767863134,0.09722222222222232,14,0.09622222222222232,2,2.5
6669,1086,1100,2023-06-27,2023-07-17,378.2428764852027,593.0474730076635,8.603700280754026,0.5679012345679011,14,0.5669012345679011,2,2.5
6669,1105,1111,2023-07-24,2023-08-01,653.7531198509677,560.3598170151151,9.177064333848,-0.1428571428571429,6,-0.1438571428571429,1,1.5
6669,1232,1246,2024-01-24,2024-02-22,697.3366611743655,697.3366611743655,8.67559925093633,0.0,14,-0.001,1,1.5
6669,1252,1260,2024-03-04,2024-03-14,790.729964010218,723.7980969778571,8.812882775089536,-0.08464566929133854,8,-0.08564566929133854,2,2.5
6669,1303,1314,2024-05-17,2024-06-03,828.087285144559,781.3906337266328,8.864260591772933,-0.05639097744360899,11,-0.05739097744360899,2,2.5
6669,1602,1613,2025-08-08,2025-08-25,922.0658376448241,1006.7786001139599,8.634639871062063,0.09187279151943462,11,0.09087279151943461,2,2.5
6669,1648,1662,2025-10-16,2025-11-06,1264.175070693257,1352.1460163342826,8.91296971034951,0.06958762886597936,14,0.06858762886597936,1,1.5
6669,1665,1671,2025-11-11,2025-11-19,1436.8587788034185,1345.6296499905031,8.991018169380501,-0.06349206349206349,6,-0.06449206349206349,1,1.5
6669,1773,1787,2026-04-28,2026-05-19,1604.6552121557452,1635.6079522886987,8.668293124407729,0.019289340101522834,14,0.018289340101522833,2,2.5
6669,1835,1837,2026-07-28,2026-07-30,1828.8167243589737,1694.7146730769225,8.747344161518612,-0.07332722273143899,2,-0.07432722273143899,0,0.0
6672,605,619,2021-07-05,2021-07-23,130.42732134130722,146.6319279321969,8.896225989418662,0.12424242424242427,14,0.12324242424242426,2,2.5
6691,1591,1605,2025-07-24,2025-08-13,366.9284985835694,436.6096317280453,9.101552963496271,0.18990384615384603,14,0.18890384615384603,2,2.5
6706,689,697,2021-11-03,2021-11-15,194.4431019255065,179.78442018389404,8.614391233766234,-0.07538802660753885,8,-0.07638802660753885,2,2.5
6706,738,748,2022-01-12,2022-01-26,217.29339993449065,189.7005872443966,8.815731218307288,-0.1269841269841271,10,-0.1279841269841271,1,1.5
6706,752,756,2022-02-10,2022-02-16,219.01795072762152,204.79040668429178,8.546036719702059,-0.06496062992125984,4,-0.06596062992125984,1,1.5
6706,1385,1399,2024-09-13,2024-10-08,145.31322674418604,180.77950581395348,8.650535029974698,0.24406779661016942,14,0.24306779661016942,0,0.0
6706,1794,1801,2026-05-28,2026-06-08,215.0,172.0,8.604359806138934,-0.19999999999999996,7,-0.20099999999999996,2,2.5
6757,1466,1480,2025-01-14,2025-02-12,79.23238096705602,75.13722419797223,9.100621619771342,-0.051685393258426915,14,-0.052685393258426916,0,0.0
6757,1498,1512,2025-03-11,2025-03-31,79.677506702826,78.60920493697805,8.829403731594919,-0.013407821229050265,14,-0.014407821229050266,1,1.5
6757,1536,1549,2025-05-07,2025-05-26,94.81178171900522,83.5946131776018,9.06472213055244,-0.11830985915492942,13,-0.11930985915492942,0,0.0
6770,1644,1658,2025-10-09,2025-10-31,31.396794871794874,32.842044159544166,8.741314712962149,0.04603174603174609,14,0.04503174603174609,1,1.5
6770,1703,1717,2026-01-06,2026-01-26,43.35747863247863,58.30833333333334,8.696357569144162,0.3448275862068966,14,0.3438275862068966,1,1.5
6770,1722,1736,2026-02-02,2026-03-04,66.08277777777778,62.99293447293448,8.605767005271957,-0.04675716440422317,14,-0.047757164404223174,1,1.5
6770,1795,1801,2026-05-29,2026-06-08,85.12019943019943,68.09615954415955,8.99924663785769,-0.19999999999999996,6,-0.20099999999999996,2,2.5
6781,1455,1469,2024-12-27,2025-01-17,1151.5628229201056,1098.114759409046,8.796739130434784,-0.04641350210970452,14,-0.04741350210970452,1,1.5
6781,1471,1474,2025-01-21,2025-02-04,1185.5752269725983,1054.3845256272698,9.425723598538106,-0.1106557377049181,3,-0.1116557377049181,0,0.0
6781,1600,1611,2025-08-06,2025-08-21,1229.5064377682404,1239.3424892703863,9.019168390510327,0.008000000000000007,11,0.007000000000000007,2,2.5
6781,1625,1629,2025-09-10,2025-09-16,1391.8012875536483,1268.8506437768242,8.816675417375198,-0.08833922261484106,4,-0.08933922261484106,2,2.5
6781,1680,1685,2025-12-02,2025-12-09,1504.9158798283263,1288.522746781116,8.875255046183387,-0.14379084967320266,5,-0.14479084967320266,1,1.5
6789,1194,1208,2023-11-30,2023-12-20,295.5440131889362,274.50362814402854,9.069201520912548,-0.07119205298013231,14,-0.07219205298013232,2,2.5
6789,1766,1780,2026-04-17,2026-05-08,415.1675977653631,576.7597765363129,9.00640788623691,0.3892215568862276,14,0.3882215568862276,2,2.5
6799,1214,1228,2023-12-28,2024-01-18,175.31438617852024,163.7501126838949,8.78134834364393,-0.06596306068601576,14,-0.06696306068601576,2,2.5
6805,1438,1447,2024-12-04,2024-12-17,1019.9815476190477,886.9404761904763,8.633846655430297,-0.13043478260869557,9,-0.13143478260869557,1,1.5
6805,1615,1619,2025-08-27,2025-09-02,1166.8402777777778,1047.673611111111,8.711699389353306,-0.10212765957446812,4,-0.10312765957446812,2,2.5
6805,1656,1670,2025-10-29,2025-11-18,1430.0,1459.7916666666667,9.025532195039077,0.02083333333333348,14,0.01983333333333348,1,1.5
6805,1739,1753,2026-03-09,2026-03-27,1653.4375,1852.048611111111,9.125880768496126,0.12012012012012008,14,0.11912012012012008,0,0.0
6805,1777,1779,2026-05-05,2026-05-07,2145.0,1911.6319444444446,8.629872882892684,-0.10879629629629628,2,-0.10979629629629628,2,2.5
6805,1858,1862,2026-08-28,2026-09-03,2265.0,2095.0,8.519333038756116,-0.07505518763796915,4,-0.07605518763796915,1,1.5
6806,1049,1056,2023-05-03,2023-05-12,106.69319983055847,98.55558289432943,8.864205696358047,-0.07627118644067798,7,-0.07727118644067799,2,2.5
6806,1250,1262,2024-02-29,2024-03-18,126.35740418166138,125.44835810841202,8.697206832417876,-0.007194244604316502,12,-0.008194244604316503,2,2.5
6830,1759,1773,2026-04-08,2026-04-28,639.0332326283989,651.0,8.747060914613751,0.018726361573373485,14,0.017726361573373484,1,1.5
8016,521,535,2021-03-03,2021-03-23,131.8309639824697,151.19949423581835,8.501208287895311,0.14691943127962093,14,0.14591943127962093,2,2.5
8016,545,548,2021-04-08,2021-04-13,160.88375936249267,148.38793339259033,8.714762305412119,-0.07766990291262132,3,-0.07866990291262133,2,2.5
8016,555,565,2021-04-22,2021-05-07,176.5035418248706,166.8192766981963,8.829700070685025,-0.05486725663716818,10,-0.05586725663716818,2,2.5
8016,619,633,2021-07-23,2021-08-12,215.63309942934043,236.7798818399444,9.04034387738633,0.09806835066864794,14,0.09706835066864794,2,2.5
8021,1597,1611,2025-08-01,2025-08-21,61.114114454763595,92.11545845928019,8.896326070093789,0.507269789983845,14,0.506269789983845,2,2.5
8021,1640,1650,2025-10-02,2025-10-20,114.03360613126326,104.6542186139732,8.832764282770267,-0.08225108225108224,10,-0.08325108225108224,1,1.5
8021,1660,1672,2025-11-04,2025-11-20,125.88125352152437,124.89394957233594,9.033436643053017,-0.007843137254901933,12,-0.008843137254901934,1,1.5
8021,1676,1690,2025-11-26,2025-12-16,143.65272460691605,163.8924555652788,8.605490159144473,0.14089347079037795,14,0.13989347079037795,1,1.5
8021,1702,1716,2026-01-05,2026-01-23,190.0560102187721,242.51101538461538,8.84750156282879,0.27599761304818893,14,0.2749976130481889,1,1.5
8021,1733,1740,2026-02-26,2026-03-10,260.93587692307693,219.10646153846153,8.725999938386662,-0.16030534351145043,7,-0.16130534351145043,2,2.5
8021,1804,1818,2026-06-11,2026-07-02,526.8514461538462,545.774276923077,9.03846153846154,0.035916824196597474,14,0.034916824196597473,2,2.5
8028,833,840,2022-06-10,2022-06-21,56.19447408715763,52.313174075131734,8.560348380636151,-0.06906906906906896,7,-0.07006906906906896,1,1.5
8028,845,848,2022-06-28,2022-07-01,58.47262844204241,52.81943059843946,8.619910847882736,-0.0966810966810967,3,-0.0976810966810967,0,0.0
8028,859,873,2022-07-18,2022-08-05,62.269552366850355,61.36766010072,9.189398152630663,-0.014483679934247928,14,-0.01548367993424793,0,0.0
8028,879,893,2022-08-15,2022-09-02,63.630479425967785,62.36330060382903,8.537936600242109,-0.019914651493598723,14,-0.020914651493598724,2,2.5
8028,1400,1411,2024-10-09,2024-10-25,137.66579751955905,125.46138284583928,8.843804418714335,-0.08865248226950351,11,-0.08965248226950351,1,1.5
8028,1488,1497,2025-02-24,2025-03-10,167.4445693234353,143.52391656294455,8.725958305513961,-0.1428571428571428,9,-0.1438571428571428,2,2.5
8028,1703,1713,2026-01-06,2026-01-20,204.65916118421055,179.8820230263158,9.290381651104195,-0.12106537530266348,10,-0.12206537530266348,1,1.5
8028,1797,1805,2026-06-02,2026-06-12,347.87101973684213,320.0,8.569625859768099,-0.08011883185304147,8,-0.08111883185304147,2,2.5
8039,1680,1694,2025-12-02,2025-12-22,81.39854545454546,98.05272727272728,8.600513068013067,0.20460048426150124,14,0.20360048426150124,1,1.5
8039,1832,1836,2026-07-23,2026-07-29,242.0,193.60000000000002,8.879688930263434,-0.19999999999999996,4,-0.20099999999999996,1,1.5
8046,306,320,2020-04-15,2020-05-06,54.782101930103906,60.08911805458273,9.176680840006615,0.09687500000000004,14,0.09587500000000004,0,0.0
8046,324,329,2020-05-12,2020-05-19,63.769790528011576,52.214190902130284,8.616969021316848,-0.18120805369127513,5,-0.18220805369127513,2,2.5
8046,358,372,2020-07-01,2020-07-21,69.50479182381933,73.94418308953311,9.0748092164994,0.06387172954875897,14,0.06287172954875897,2,2.5
8046,374,388,2020-07-23,2020-08-12,83.09013805743336,107.42182957580948,8.739985963356974,0.2928348909657319,14,0.2918348909657319,2,2.5
8046,460,474,2020-11-25,2020-12-15,133.7380207570319,158.7599730277024,8.909020400019951,0.1870967741935483,14,0.1860967741935483,2,2.5
8046,488,502,2021-01-05,2021-01-25,179.03638262634914,218.72637588327473,8.983629893238435,0.22168674698795177,14,0.22068674698795177,2,2.5
8046,512,526,2021-02-17,2021-03-10,244.1797411241292,240.72843736265742,9.14300792476827,-0.014134275618374548,14,-0.015134275618374549,1,1.5
8046,597,611,2021-06-23,2021-07-13,336.9335297136836,376.1921100004252,9.266026477752366,0.11651728553137009,14,0.11551728553137008,1,1.5
8046,651,665,2021-09-07,2021-09-29,389.3794421079166,385.8989554745497,9.16492400782019,-0.00893854748603351,14,-0.009938547486033511,0,0.0
8046,685,699,2021-10-28,2021-11-17,414.1779093706554,489.87849364638447,9.28364556829981,0.1827731092436975,14,0.1817731092436975,1,1.5
8046,707,717,2021-11-29,2021-12-13,506.410805154877,502.0601968631684,8.990126785011364,-0.00859106529209619,10,-0.00959106529209619,2,2.5
8046,1616,1624,2025-08-28,2025-09-09,212.55392670157067,187.60628272251307,8.786099360813463,-0.11737089201877937,8,-0.11837089201877937,2,2.5
8046,1642,1656,2025-10-07,2025-10-29,257.9586387434555,278.4157068062827,9.522545491408588,0.07930367504835578,14,0.07830367504835578,2,2.5
8046,1713,1727,2026-01-20,2026-02-09,311.34659685863875,401.1581151832461,8.950244494818653,0.28846153846153855,14,0.28746153846153855,2,2.5
8046,1732,1739,2026-02-25,2026-03-09,528.8900523560209,423.11204188481673,8.766365424017822,-0.19999999999999996,7,-0.20099999999999996,2,2.5
8046,1766,1780,2026-04-17,2026-05-08,726.475392670157,940.02722513089,8.938801169590644,0.293956043956044,14,0.292956043956044,2,2.5
8046,1814,1828,2026-06-26,2026-07-17,1100.0,1155.0,9.498613569321535,0.050000000000000044,14,0.049000000000000044,1,1.5
8081,337,347,2020-05-29,2020-06-12,102.85789377195951,92.67069023543957,9.397827827293591,-0.09904153354632583,10,-0.10004153354632583,2,2.5
8110,1680,1694,2025-12-02,2025-12-22,40.82046783625731,49.70292397660819,8.634562488933035,0.21759809750297276,14,0.21659809750297276,1,1.5
8112,1150,1161,2023-09-26,2023-10-16,46.611486067369846,45.43992268327078,8.718883613242578,-0.02513464991023351,11,-0.02613464991023351,1,1.5
8112,1202,1210,2023-12-12,2023-12-22,58.57816920495313,50.71195791171657,9.114922326980155,-0.13428571428571423,8,-0.13528571428571423,2,2.5
8112,1277,1291,2024-04-10,2024-04-30,69.28960585957313,73.6411270005125,8.60468975329398,0.0628019323671496,14,0.06180193236714959,2,2.5
8114,855,864,2022-07-12,2022-07-25,115.88617757525509,112.07969728993649,8.68180724103836,-0.03284671532846717,9,-0.03384671532846717,0,0.0
8114,871,885,2022-08-03,2022-08-23,130.2662142086809,128.57444519298375,9.444521313394711,-0.012987012987012991,14,-0.013987012987012992,0,0.0
8114,887,896,2022-08-25,2022-09-07,141.6856550646367,131.95798322437804,8.657424806513903,-0.0686567164179106,9,-0.0696567164179106,2,2.5
8150,534,548,2021-03-22,2021-04-13,32.28214126724562,35.176402208446945,8.51011317688576,0.08965517241379284,14,0.08865517241379284,2,2.5
8150,634,637,2021-08-13,2021-08-18,44.47292979484101,38.69221968285994,9.205712975821672,-0.12998266897746968,3,-0.13098266897746969,0,0.0
8150,1704,1718,2026-01-07,2026-01-27,52.33138461538461,66.15476923076922,9.348876207094703,0.26415094339622636,14,0.26315094339622636,2,2.5
8150,1779,1788,2026-05-07,2026-05-20,88.86461538461536,76.62104615384614,8.611699223976453,-0.13777777777777778,9,-0.13877777777777778,2,2.5
8210,1081,1095,2023-06-16,2023-07-10,130.57665653286998,172.44875796186494,8.56369088336501,0.320670650794727,14,0.319670650794727,2,2.5
8210,1098,1111,2023-07-13,2023-08-01,206.45948522656607,196.39997434545728,8.806232591788751,-0.04872389791183296,13,-0.04972389791183296,2,2.5
8210,1226,1238,2024-01-16,2024-02-01,269.6906964792499,269.21167215157806,8.620923694273927,-0.001776198934280604,12,-0.002776198934280604,1,1.5
8210,1560,1574,2025-06-11,2025-07-01,361.1409471324491,482.8437735849056,8.594734530448816,0.33699536820404274,14,0.33599536820404274,1,1.5
8210,1580,1594,2025-07-09,2025-07-29,514.5056603773584,502.63245283018864,8.719205748876652,-0.023076923076922884,14,-0.024076923076922885,1,1.5
8210,1603,1617,2025-08-11,2025-08-29,598.6075471698113,613.4490566037736,8.710486142803,0.024793388429752206,14,0.023793388429752205,2,2.5
8210,1650,1664,2025-10-20,2025-11-10,713.3818867924527,1014.1698113207545,8.507337979462942,0.4216366158113731,14,0.4206366158113731,1,1.5
8210,1772,1786,2026-04-27,2026-05-18,1286.264150943396,1370.366037735849,9.053130496791063,0.06538461538461537,14,0.06438461538461537,1,1.5
8215,718,722,2021-12-14,2021-12-20,37.01598483905896,32.31020697075635,8.853533146316256,-0.1271282633371168,4,-0.1281282633371168,2,2.5
8261,1812,1826,2026-06-24,2026-07-15,245.91522988505747,307.5,8.530690161527167,0.2504308909363917,14,0.2494308909363917,2,2.5
8454,631,637,2021-08-10,2021-08-18,1155.7676017145436,1021.3760201198291,8.588422582046338,-0.11627906976744196,6,-0.11727906976744196,1,1.5
8454,1024,1037,2023-03-23,2023-04-14,645.323288389254,632.9272478213248,8.707144947504943,-0.019209039548022555,13,-0.020209039548022556,2,2.5
8464,384,398,2020-08-06,2020-08-26,286.81401837732653,293.7301010899713,8.7249693091879,0.02411347517730511,14,0.02311347517730511,2,2.5
8478,884,898,2022-08-22,2022-09-12,255.22326057051595,247.27513134859677,8.540585805767119,-0.03114186851211065,14,-0.03214186851211065,2,2.5
8478,987,999,2023-01-17,2023-02-14,309.535476920297,298.0548458219693,9.34669918978428,-0.03708987161198285,12,-0.03808987161198285,2,2.5
8478,1062,1076,2023-05-22,2023-06-09,491.9008862898871,512.2127720792362,9.187607266307907,0.04129263913824066,14,0.04029263913824066,2,2.5
8996,882,896,2022-08-18,2022-09-07,82.63694842686674,106.30247731279132,8.654953130871075,0.2863795110593714,14,0.2853795110593714,2,2.5
8996,916,926,2022-10-06,2022-10-21,125.06173801504862,109.1885174208309,8.759828366109526,-0.12692307692307692,10,-0.12792307692307692,0,0.0
8996,938,952,2022-11-08,2022-11-28,144.30200540197916,154.884152464791,8.771363490329628,0.07333333333333347,14,0.07233333333333347,0,0.0
8996,972,986,2022-12-26,2023-01-16,177.0104599597611,174.12441985172154,8.884812532455094,-0.016304347826086807,14,-0.017304347826086808,2,2.5
8996,988,1002,2023-01-30,2023-02-17,202.98482093211737,230.4022019584934,8.711083743842366,0.13507109004739326,14,0.13407109004739326,2,2.5
8996,1071,1085,2023-06-02,2023-06-26,256.0232308600094,313.616358406968,8.564978549097354,0.22495274102079388,14,0.22395274102079388,2,2.5
8996,1091,1099,2023-07-04,2023-07-14,367.3376790600135,323.29587564175097,9.20776332249187,-0.11989459815546788,8,-0.12089459815546788,2,2.5
8996,1292,1306,2024-05-02,2024-05-22,422.7057838376376,425.64464212619595,9.36910964888247,0.006952491309385911,14,0.005952491309385911,2,2.5
8996,1648,1662,2025-10-16,2025-11-06,514.2100355029586,621.6272189349113,9.088237763411973,0.20889748549323017,14,0.20789748549323017,1,1.5
8996,1732,1737,2026-02-25,2026-03-05,926.9705088757397,801.6504615384615,8.53887270118897,-0.13519313304721037,5,-0.13619313304721037,2,2.5
8996,1745,1750,2026-03-17,2026-03-24,944.8733727810651,821.5425325443787,8.845446013624212,-0.1305263157894737,5,-0.1315263157894737,1,1.5
8996,1763,1777,2026-04-14,2026-05-05,1200.0,1240.0,8.96866247144698,0.03333333333333344,14,0.032333333333333436,2,2.5
8996,1803,1817,2026-06-10,2026-07-01,1335.0,1620.0,9.111453451902143,0.2134831460674158,14,0.2124831460674158,2,2.5
9802,251,256,2020-01-15,2020-01-31,107.59608683269275,94.46571691412686,8.670892797875872,-0.12203389830508471,5,-0.12303389830508471,2,2.5
9802,851,853,2022-07-06,2022-07-08,147.0953586292089,138.87774082869444,9.060636818619278,-0.05586592178770944,2,-0.05686592178770944,0,0.0
9802,862,869,2022-07-21,2022-08-01,149.56064396936324,138.055979048643,8.65398994001168,-0.07692307692307687,7,-0.07792307692307687,0,0.0
9802,888,902,2022-08-26,2022-09-16,154.49121464967192,160.95645804739723,9.01448523820617,0.04184861522634842,14,0.04084861522634842,2,2.5
9904,974,988,2022-12-28,2023-01-30,28.29749528777756,29.17786180784175,8.689388425955832,0.03111111111111109,14,0.03011111111111109,2,2.5
9904,1440,1444,2024-12-06,2024-12-12,39.32807075606277,37.74953580599145,8.661081408660731,-0.04013761467889898,4,-0.04113761467889898,1,1.5
9914,364,378,2020-07-09,2020-07-29,189.56379006714238,201.82006959734554,8.53865834409528,0.06465517241379315,14,0.06365517241379315,2,2.5
9914,381,388,2020-08-03,2020-08-12,222.24720214768416,212.44217852352162,8.709885706372742,-0.044117647058823595,7,-0.045117647058823596,2,2.5
9914,442,450,2020-10-30,2020-11-11,238.47011326486722,213.95837688398368,9.164193630673235,-0.10278745644599296,8,-0.10378745644599296,1,1.5
9914,529,543,2021-03-15,2021-04-06,261.7354901687567,293.30993025260676,8.695129280905453,0.12063492063492087,14,0.11963492063492087,2,2.5
9919,316,328,2020-04-29,2020-05-18,22.830907368287523,24.037068512272523,8.888858650937308,0.05283018867924527,12,0.05183018867924527,2,2.5
9921,351,365,2020-06-18,2020-07-10,218.50850488458357,239.61444001548085,8.604538145962623,0.09659090909090917,14,0.09559090909090917,2,2.5
9945,658,668,2021-09-16,2021-10-04,35.091898782625414,32.659282818139225,8.601997558335059,-0.06932129776034279,10,-0.0703212977603428,0,0.0
9945,687,701,2021-11-01,2021-11-19,41.50330099721056,39.76917978562794,8.52081862257502,-0.041782729805014074,14,-0.042782729805014075,1,1.5
9945,778,792,2022-03-21,2022-04-12,42.023537360685346,43.93107069342622,8.957821236342417,0.0453920220082531,14,0.044392022008253096,1,1.5
9958,283,290,2020-03-11,2020-03-20,70.47138625117277,62.60363244401904,9.11208806818182,-0.11164465786314515,7,-0.11264465786314515,0,0.0
9958,397,411,2020-08-25,2020-09-14,93.52292938076022,111.88587898520173,8.889602277512058,0.19634703196347036,14,0.19534703196347036,2,2.5
9958,426,435,2020-10-07,2020-10-21,116.58337772122165,114.0211056833926,8.604764959837224,-0.02197802197802201,9,-0.022978021978022012,1,1.5
9958,1090,1104,2023-07-03,2023-07-21,126.20640160249667,133.95192083441884,9.015916544448885,0.06137184115523464,14,0.06037184115523464,2,2.5
9958,1145,1157,2023-09-19,2023-10-06,172.77238196796063,160.43149754167771,8.84244071707942,-0.07142857142857151,12,-0.07242857142857151,1,1.5
9958,1227,1241,2024-01-17,2024-02-15,183.2849872199794,200.19656958192263,8.961213926591974,0.09226932668329169,14,0.09126932668329168,1,1.5
9958,1243,1257,2024-02-19,2024-03-11,230.36317595728082,212.99452380177155,9.084940664763376,-0.07539682539682535,14,-0.07639682539682535,2,2.5
9958,1306,1320,2024-05-22,2024-06-12,259.615642745507,298.00950540505374,8.577199887411565,0.14788732394366177,14,0.14688732394366177,2,2.5
9958,1322,1333,2024-06-14,2024-07-01,333.66094930320435,274.24187613962005,8.685818616839468,-0.17808219178082185,11,-0.17908219178082185,2,2.5
